,genotype,fitness,mapping_values,tree_depth,original_phenotype,phenotype,opt_const,fitness val,other_info,optimized
0,"[[0], [1], [1, 2], [3, 3, 0], [2, 1], [0, 3, 1, 3, 3], [1, 1, 1, 1, 1, 1], [1]]",0.13871852700040807,"[1, 1, 2, 3, 2, 4, 5, 0]",6,((Constant+Constant)/(Constant-(Constant/Constant)**Constant)) + Constant*x[0]**Constant + Constant*x[1]**Constant,((-8.77615203022584+28.92615143298314)/(-33.49936412874643-(20.379087933415942/17.19250772399094)**21.671886230827408)) + 2.0683396690895877*x[0]**-0.3433255698956924 + -27.53217808406248*x[1]**-15.002657166380246,"[ -8.77615203  28.92615143 -33.49936413  20.37908793  17.19250772
  21.67188623   2.06833967  -0.34332557 -27.53217808 -15.00265717]",0.14443855664695424,"{'fitness 25': 0.12929321293320367, 'fitness 53': 0.14395758999742442, 'fitness 74': 0.14443855664695424, 'fitness 102': 0.1429047780705961}",True
1,"[[0], [1], [1, 1], [1, 3, 0, 3], [0, 1, 0, 2], [0, 3, 0, 2, 3, 1, 3, 2], [1, 0, 0, 0, 0, 0, 1, 1, 0], [1, 1, 1, 1, 1, 0]]",0.14605219902627853,"[1, 1, 2, 4, 4, 8, 9, 6]",7,(((Constant+x[1]/(x[1]+x[1]))*x[1])/(x[1]-Constant/Constant*x[0])) + Constant*x[0]**Constant + Constant*x[1]**Constant,(((2.501449939941314+x[1]/(x[1]+x[1]))*x[1])/(x[1]-25.39761246945794/46.089412621755706*x[0])) + -1.1480171828252437*x[0]**0.6008247173033845 + 2.9726540183275816*x[1]**-20.937111418586984,"[  2.50144994  25.39761247  46.08941262  -1.14801718   0.60082472
   2.97265402 -20.93711142]",0.15658087531560197,"{'fitness 25': 0.12655586603897426, 'fitness 53': 0.15695993314622844, 'fitness 74': 0.15658087531560197, 'fitness 102': 0.15464079789363286}",True
2,"[[0], [1], [1, 3], [2, 2], [1, 0], [2, 0, 2, 2], [1, 1, 1, 1, 0], [0]]",0.1467697454259392,"[1, 1, 2, 2, 2, 4, 5, 1]",6,((((Constant*Constant)**Constant)+(Constant*Constant**Constant))*x[0]) + Constant*x[0]**Constant + Constant*x[1]**Constant,((((-40.02523830089507*-9.563476163098516)**-7.065498288467702)+(-8.167205465653778*16.430431280526566**-23.32923210126555))*x[0]) + 1.783629059279333*x[0]**-0.43374338848146987 + 32.12270318511554*x[1]**-47.784978289891576,"[-40.0252383   -9.56347616  -7.06549829  -8.16720547  16.43043128
 -23.3292321    1.78362906  -0.43374339  32.12270319 -47.78497829]",0.14478862906091583,"{'fitness 25': 0.14669356418146734, 'fitness 53': 0.14655138577866353, 'fitness 74': 0.14478862906091583, 'fitness 102': 0.14706428631768675}",True
3,"[[0], [1], [1, 3], [2, 2], [0, 1, 2, 1], [1, 3, 3, 3, 2, 3, 1], [1, 0, 1, 0, 0, 0, 1, 1], [0, 1, 1]]",0.14936474053017315,"[1, 1, 2, 2, 2, 4, 5, 3]",7,(((Constant-x[0]**Constant)/((Constant/x[1])**Constant))/x[1]) + Constant*x[0]**Constant + Constant*x[1]**Constant,(((-3.661043167605013-x[0]**7.276359052830093)/((32.81726367994864/x[1])**-4.24896471463892))/x[1]) + 1.792337276631344*x[0]**-0.4398467604021783 + 1.007258042689144*x[1]**-8.482103031068048,"[-3.66104317  7.27635905 32.81726368 -4.24896471  1.79233728 -0.43984676
  1.00725804 -8.48210303]",0.1423593544893404,"{'fitness 25': 0.15440187463844637, 'fitness 53': 0.14672050319448604, 'fitness 74': 0.1423593544893404, 'fitness 102': 0.14697184375758712}",True
4,"[[0], [2], [2], [1, 1, 2, 0], [0, 0], [2, 3, 1, 3, 3, 0, 2, 0, 3], [1, 1, 1, 1], [0, 0, 1, 0]]",0.15463876844875885,"[1, 1, 1, 1, 2, 3, 4, 0]",6,(((Constant*Constant/Constant-Constant)**Constant)**Constant) + Constant*x[0]**Constant + Constant*x[1]**Constant,(((-7.274959037805466*-19.101589260583417/17.35660936572739--25.1603378211956)**6.132661632157018)**-22.274047153607142) + 1.7772828407702512*x[0]**-0.2964795514487646 + 7.193969651418704*x[1]**-25.50698393314527,"[ -7.27495904 -19.10158926  17.35660937 -25.16033782   6.13266163
 -22.27404715   1.77728284  -0.29647955   7.19396965 -25.50698393]",0.18216309038701242,"{'fitness 25': 0.11245263131651868, 'fitness 53': 0.17772042781653175, 'fitness 74': 0.18216309038701242, 'fitness 102': 0.17374324621322612}",True
5,"[[0], [0], [3, 3], [], [], [3, 0, 3, 2, 0, 3], [1, 1], [0]]",0.15684350309308426,"[1, 1, 2, 0, 0, 1, 2, 0]",4,Constant/Constant + Constant*x[0]**Constant + Constant*x[1]**Constant,-28.50075773510539/-6.9248930355753835 + -2.3217030217535326*x[0]**0.4318913125216177 + -18.31781904669412*x[1]**-17.30930085794672,"[-28.50075774  -6.92489304  -2.32170302   0.43189131 -18.31781905
 -17.30930086]",0.16268037571003616,"{'fitness 25': 0.15523461283202952, 'fitness 53': 0.15169027313456485, 'fitness 74': 0.16268037571003616, 'fitness 102': 0.16360562331265835}",True
6,"[[0], [1], [3, 1], [2, 3, 0], [1, 0], [3, 2, 1, 1, 1], [0, 1, 1, 1, 1, 0], [0, 1]]",0.15778359166593522,"[1, 1, 2, 2, 1, 3, 4, 1]",6,(x[0]/(((Constant*Constant)**Constant)-Constant)) + Constant*x[0]**Constant + Constant*x[1]**Constant,(x[0]/(((-33.17950765870816*-9.905706464595513)**-34.417527235581005)-22.317082153251572)) + 1.9332392557695293*x[0]**-0.30933810724981037 + -17.264739057514728*x[1]**-11.753472733572396,"[-33.17950766  -9.90570646 -34.41752724  22.31708215   1.93323926
  -0.30933811 -17.26473906 -11.75347273]",0.14318705748407534,"{'fitness 25': 0.1682461370408402, 'fitness 53': 0.1568675265033264, 'fitness 74': 0.14318705748407534, 'fitness 102': 0.14823711145363908}",True
7,"[[0], [2], [0], [2, 3], [2], [0], [0, 0], [1, 1]]",0.1589374673063723,"[1, 1, 1, 2, 1, 1, 2, 2]",7,((x[1]**Constant)+x[1]**Constant) + Constant*x[0]**Constant + Constant*x[1]**Constant,((x[1]**-43.92481383872986)+x[1]**-42.04119280007836) + 1.88400060977963*x[0]**-0.3525129117449318 + -24.95129427101743*x[1]**-26.143793943237736,"[-43.92481384 -42.0411928    1.88400061  -0.35251291 -24.95129427
 -26.14379394]",0.14015937471501683,"{'fitness 25': 0.17379145226315784, 'fitness 53': 0.15566077868563807, 'fitness 74': 0.14015937471501683, 'fitness 102': 0.14736017097032098}",True
8,"[[0], [1], [0, 3], [3, 1, 2, 0], [0, 2, 1, 1, 2, 2, 2], [1, 3, 1, 3, 3, 3, 2], [1, 0, 0, 1, 1, 0, 0, 0], [0, 0, 1, 1, 0, 1]]",0.16289876837857353,"[1, 1, 2, 2, 2, 4, 5, 2]",7,(Constant-(x[0]/x[0]-Constant)/Constant) + Constant*x[0]**Constant + Constant*x[1]**Constant,(1.2396604036817358-(x[0]/x[0]-28.14920463814286)/25.746322029286976) + -0.42357160753802087*x[0]**1.622871634866872 + 7.859667941170625*x[1]**-17.182200332636853,"[  1.2396604   28.14920464  25.74632203  -0.42357161   1.62287163
   7.85966794 -17.18220033]",0.18061506337705144,"{'fitness 25': 0.1299683254486305, 'fitness 53': 0.18059359517284188, 'fitness 74': 0.18061506337705144, 'fitness 102': 0.1781343845142482}",True
9,"[[0], [2], [3], [], [], [], [0], [1]]",0.17292496746586686,"[1, 1, 1, 0, 0, 0, 1, 1]",5,(x[1]**Constant) + Constant*x[0]**Constant + Constant*x[1]**Constant,(x[1]**-25.235007587312055) + 1.8736488191013567*x[0]**-0.23308074534856438 + 7.363775153195604*x[1]**-46.561182782744005,[-25.23500759   1.87364882  -0.23308075   7.36377515 -46.56118278],0.1799513194711111,"{'fitness 25': 0.1538226539156949, 'fitness 53': 0.18829106499400666, 'fitness 74': 0.1799513194711111, 'fitness 102': 0.17666118348789903}",True
10,"[[0], [1], [2, 1], [3, 3, 3, 1], [0, 0, 2, 1], [2, 3, 3, 3, 2, 3, 1, 1], [0, 0, 0, 1, 0, 0, 0, 0, 1], [1, 1, 0, 0, 0, 0, 1]]",0.17292496746586686,"[1, 1, 2, 3, 0, 2, 3, 3]",6,((x[1]**Constant)*(x[1]/x[0])) + Constant*x[0]**Constant + Constant*x[1]**Constant,((x[1]**-25.235007587312055)*(x[1]/x[0])) + 1.8736488191013567*x[0]**-0.23308074534856438 + 7.363775153195604*x[1]**-46.561182782744005,[-25.23500759   1.87364882  -0.23308075   7.36377515 -46.56118278],0.1799513194711111,"{'fitness 25': 0.1538226539156949, 'fitness 53': 0.18829106499400666, 'fitness 74': 0.1799513194711111, 'fitness 102': 0.17666118348789903}",True
11,"[[0], [1], [2, 0], [2, 2, 3], [2, 0], [3, 1, 2], [1, 1, 1, 1, 0], [0]]",0.18695437666407946,"[1, 1, 2, 3, 2, 3, 4, 0]",6,(((Constant**Constant)**Constant)/(Constant-Constant**Constant)*Constant) + Constant*x[0]**Constant + Constant*x[1]**Constant,(((15.352261536766768**-18.49171208071337)**5.374332234375104)/(-33.81519693575653-31.814049752620342**0.8581970344374015)*0.8269891415520121) + 1.7142105126274905*x[0]**-0.29344189029003154 + 14.127598612445144*x[1]**-9.888599672705347,"[ 15.35226154 -18.49171208   5.37433223 -33.81519694  31.81404975
   0.85819703   0.82698914   1.71421051  -0.29344189  14.12759861
  -9.88859967]",0.2261026930948667,"{'fitness 25': 0.13009459935297976, 'fitness 53': 0.21565218505798814, 'fitness 74': 0.2261026930948667, 'fitness 102': 0.21511634558127057}",True
12,"[[0], [1], [3, 0], [2, 3], [2], [3, 1], [0, 1, 1], [0]]",0.1920796498532359,"[1, 1, 2, 2, 1, 2, 3, 1]",6,(x[0]/(Constant**Constant)-Constant) + Constant*x[0]**Constant + Constant*x[1]**Constant,(x[0]/(7.093932570139977**12.306068771197141)--2.314540169063271) + -0.5640977023065081*x[0]**1.355611718993416 + 11.618723611340688*x[1]**-39.53612526490183,"[  7.09393257  12.30606877  -2.31454017  -0.5640977    1.35561172
  11.61872361 -39.53612526]",0.22985816046223367,"{'fitness 25': 0.1377995821565506, 'fitness 53': 0.2164934069474103, 'fitness 74': 0.22985816046223367, 'fitness 102': 0.2219459604557468}",True
13,"[[0], [0], [3, 0], [2, 3], [2], [3, 1], [0, 1, 1], [0]]",0.1920796498532359,"[1, 1, 2, 2, 1, 2, 3, 1]",6,x[0]/(Constant**Constant)-Constant + Constant*x[0]**Constant + Constant*x[1]**Constant,x[0]/(7.093932570139977**12.306068771197141)--2.314540169063271 + -0.5640977023065081*x[0]**1.355611718993416 + 11.618723611340688*x[1]**-39.53612526490183,"[  7.09393257  12.30606877  -2.31454017  -0.5640977    1.35561172
  11.61872361 -39.53612526]",0.22985816046223367,"{'fitness 25': 0.1377995821565506, 'fitness 53': 0.2164934069474103, 'fitness 74': 0.22985816046223367, 'fitness 102': 0.2219459604557468}",True
14,"[[0], [2], [2], [3], [], [], [0], [0]]",0.19223422945530322,"[1, 1, 1, 1, 0, 0, 1, 1]",6,((x[0]**Constant)**Constant) + Constant*x[0]**Constant + Constant*x[1]**Constant,((x[0]**1.005025635165865)**0.6835301428539264) + 0.8157721843330323*x[0]**-1.0343029897034661 + 1.496767503116848*x[1]**-8.191384577864502,[ 1.00502564  0.68353014  0.81577218 -1.03430299  1.4967675  -8.19138458],0.1852543568066837,"{'fitness 25': 0.18021524446769177, 'fitness 53': 0.21004709114377965, 'fitness 74': 0.1852543568066837, 'fitness 102': 0.1864403527544382}",True
15,"[[0], [0], [0, 1], [3, 2, 1, 3], [2, 2, 2], [2, 3, 2, 1], [0, 1, 0, 0, 0], [0, 0, 1, 0]]",0.2049903160582943,"[1, 1, 2, 4, 3, 4, 5, 4]",7,x[0]*(Constant**Constant)/((x[0]*x[1])-x[0]) + Constant*x[0]**Constant + Constant*x[1]**Constant,x[0]*(-31.008164779312438**-23.09790769774959)/((x[0]*x[1])-x[0]) + 1.6739033533488255*x[0]**-0.3217561802393796 + -27.129219403651888*x[1]**-45.19061689318603,"[-31.00816478 -23.0979077    1.67390335  -0.32175618 -27.1292194
 -45.19061689]",0.2469842849516303,"{'fitness 25': 0.1471695099466179, 'fitness 53': 0.2329719545637191, 'fitness 74': 0.2469842849516303, 'fitness 102': 0.2348294836645458}",True
16,"[[0], [1], [1, 3], [2, 2], [0, 1, 2, 1], [2, 3, 1, 3, 3, 0, 2, 0, 3], [1, 0, 1, 0, 0, 0, 1, 1], [0, 0, 0, 0]]",0.20809593653043792,"[1, 1, 2, 2, 2, 4, 5, 3]",7,(((Constant*x[0]**Constant)/((Constant-x[0])**Constant))/x[0]) + Constant*x[0]**Constant + Constant*x[1]**Constant,(((-9.9847324001467*x[0]**20.275686940476792)/((9.307109171172474-x[0])**27.54618050264993))/x[0]) + 1.952693219167712*x[0]**-0.21283425604489814 + 8.715332172037595*x[1]**-4.3528028665216745,"[-9.9847324  20.27568694  9.30710917 27.5461805   1.95269322 -0.21283426
  8.71533217 -4.35280287]",0.19852477434595137,"{'fitness 25': 0.2099056180875984, 'fitness 53': 0.21467583930136827, 'fitness 74': 0.19852477434595137, 'fitness 102': 0.19970635220234714}",True
17,"[[0], [2], [2], [2, 2], [1], [2, 0, 2, 2], [1, 1, 1, 1, 0], [0]]",0.216829639574198,"[1, 1, 1, 1, 1, 1, 2, 0]",6,((((Constant*Constant)**Constant)**Constant)**Constant) + Constant*x[0]**Constant + Constant*x[1]**Constant,((((-30.650389812306322*-34.61574764141988)**21.56037427744253)**-22.766123166063302)**24.86347120539735) + 1.7069832031288423*x[0]**-0.23801774938073827 + 21.45654254763531*x[1]**-28.89718893709456,"[-30.65038981 -34.61574764  21.56037428 -22.76612317  24.86347121
   1.7069832   -0.23801775  21.45654255 -28.89718894]",0.2570601270018117,"{'fitness 25': 0.15510823882730904, 'fitness 53': 0.24848418268141378, 'fitness 74': 0.2570601270018117, 'fitness 102': 0.24689649721387125}",True
18,"[[0], [0], [2, 0], [1, 3, 2], [2, 2, 2], [0, 0, 1], [0, 1, 0, 0], [1, 0, 0]]",0.22995862645190432,"[1, 1, 2, 3, 3, 3, 4, 3]",7,((x[1]+Constant)**Constant)+x[0]-(x[0]**Constant) + Constant*x[0]**Constant + Constant*x[1]**Constant,((x[1]+5.466210100501467)**-25.077797560267246)+x[0]-(x[0]**1.7137062652382333) + 1.9054273589489372*x[0]**0.10681424738787992 + 22.617679540855605*x[1]**-35.82808934466165,"[  5.4662101  -25.07779756   1.71370627   1.90542736   0.10681425
  22.61767954 -35.82808934]",0.24994262064520284,"{'fitness 25': 0.18372004162856226, 'fitness 53': 0.2566154802984939, 'fitness 74': 0.24994262064520284, 'fitness 102': 0.24954035742865682}",True
19,"[[0], [0], [0, 1], [1, 3, 1, 2], [0, 0, 2, 0, 0], [0, 1, 1, 3, 3, 1, 2, 2, 0], [1, 0, 1, 1, 0, 1, 1, 0, 1, 1], [1, 1, 0]]",0.23074264535368152,"[1, 1, 2, 4, 5, 9, 10, 3]",7,(Constant+x[1]-Constant-Constant)/x[1]/((Constant-Constant*x[0])*(Constant+Constant**Constant)) + Constant*x[0]**Constant + Constant*x[1]**Constant,(12.409180917069722+x[1]-15.777361319554249--15.352871985359725)/x[1]/((8.95561564681308-0.3615743444708708*x[0])*(31.210553782910992+8.798314533299429**-18.567245295846867)) + 1.6183716149873986*x[0]**-0.3774564392120963 + 9.844537643793336*x[1]**-5.602258132426154,"[ 12.40918092  15.77736132 -15.35287199   8.95561565   0.36157434
  31.21055378   8.79831453 -18.5672453    1.61837161  -0.37745644
   9.84453764  -5.60225813]",0.2737715068864535,"{'fitness 25': 0.17610050924312182, 'fitness 53': 0.2557717015732781, 'fitness 74': 0.2737715068864535, 'fitness 102': 0.2603557252446447}",True
20,"[[0], [0], [0, 3], [1, 3], [0, 0], [0, 3, 0, 3, 3], [1, 0, 0, 1, 0, 0], [0, 0, 1, 1]]",0.2382989619430241,"[1, 1, 2, 2, 2, 5, 6, 4]",7,(Constant+x[0]/x[0]+Constant)/x[1]/x[1] + Constant*x[0]**Constant + Constant*x[1]**Constant,(-21.57569491443693+x[0]/x[0]+-16.622987195554213)/x[1]/x[1] + 1.6327427377758312*x[0]**-0.3226665551481398 + -8.78429454897624*x[1]**-9.113847901500204,"[-21.57569491 -16.6229872    1.63274274  -0.32266656  -8.78429455
  -9.1138479 ]",0.28254146415712444,"{'fitness 25': 0.1784401223879834, 'fitness 53': 0.26667626357876256, 'fitness 74': 0.28254146415712444, 'fitness 102': 0.26978049986232633}",True
21,"[[0], [1], [1, 0], [0, 1, 2, 0], [1, 2, 0, 1, 2, 2, 2], [2, 2, 1, 3, 3, 0, 2, 0, 3], [0, 0, 1, 0, 1, 0, 1, 1, 1, 1], [0, 0, 1, 0]]",0.24058679219784596,"[1, 1, 2, 4, 7, 9, 10, 4]",7,(((x[0]*x[0])*Constant-(x[1]/Constant/(x[0]+Constant)))*(Constant**Constant)+Constant/Constant) + Constant*x[0]**Constant + Constant*x[1]**Constant,(((x[0]*x[0])*-0.02265332720201929-(x[1]/-34.74024076431991/(x[0]+-25.483475727070953)))*(8.033593905731133**-20.293811540794483)+27.40217497680678/17.7057555452364) + 0.10217118354760701*x[0]**-2.236739416722842 + -17.262892493459653*x[1]**-48.51549226707721,"[-2.26533272e-02 -3.47402408e+01 -2.54834757e+01  8.03359391e+00
 -2.02938115e+01  2.74021750e+01  1.77057555e+01  1.02171184e-01
 -2.23673942e+00 -1.72628925e+01 -4.85154923e+01]",0.2774770259222054,"{'fitness 25': 0.18238275215099564, 'fitness 53': 0.27337690166219836, 'fitness 74': 0.2774770259222054, 'fitness 102': 0.26600072278034387}",True
22,"[[0], [1], [3, 3], [], [], [1], [1, 1], [0]]",0.24239301535360994,"[1, 1, 2, 0, 0, 1, 2, 0]",4,(Constant-Constant) + Constant*x[0]**Constant + Constant*x[1]**Constant,(-43.70435900976807--47.456874706766406) + -1.7203318394597007*x[0]**0.35109818619931343 + 17.949139249761068*x[1]**-15.985597033644662,"[-43.70435901 -47.45687471  -1.72033184   0.35109819  17.94913925
 -15.98559703]",0.21579586211246202,"{'fitness 25': 0.266519420484185, 'fitness 53': 0.23625240372341677, 'fitness 74': 0.21579586211246202, 'fitness 102': 0.22440722185322798}",True
23,"[[0], [0], [0, 1], [1, 3, 0, 2], [0, 0, 2, 0, 0], [0, 1, 2, 3, 3, 2, 2, 2, 0], [1, 0, 1, 1, 0, 1, 1, 0, 1, 1], [1, 1, 0]]",0.24358849219526135,"[1, 1, 2, 4, 5, 9, 10, 3]",7,(Constant+x[1]-Constant*Constant)/x[1]/(Constant*Constant*x[0]*(Constant+Constant**Constant)) + Constant*x[0]**Constant + Constant*x[1]**Constant,(1.0117014382225902+x[1]-22.58570154826117*-24.78867369453735)/x[1]/(-1.5482246723828563*0.6608569664809201*x[0]*(23.524074313229658+10.989283624504333**-21.959406883994742)) + 2.066190226403089*x[0]**-0.28391223902589324 + 27.451316842885113*x[1]**-14.542634689186642,"[  1.01170144  22.58570155 -24.78867369  -1.54822467   0.66085697
  23.52407431  10.98928362 -21.95940688   2.06619023  -0.28391224
  27.45131684 -14.54263469]",0.21688535565294187,"{'fitness 25': 0.2674371527308813, 'fitness 53': 0.23834489648806084, 'fitness 74': 0.21688535565294187, 'fitness 102': 0.2249834273668418}",True
24,"[[0], [1], [3, 1], [3, 2, 1, 2], [0, 1, 2, 1], [3, 3, 3, 3, 2, 3, 1], [0, 1, 1, 1, 1, 0, 0, 1], [1, 1, 0]]",0.26028990835604965,"[1, 1, 2, 2, 1, 3, 4, 1]",6,(x[1]/(Constant/(Constant/Constant**Constant))) + Constant*x[0]**Constant + Constant*x[1]**Constant,(x[1]/(-15.930908043776357/(-17.0808031259682/-39.92704982369528**22.911802904205164))) + 1.850888236120354*x[0]**-0.06770654384484276 + -49.369908414421324*x[1]**-10.504632328312189,"[-15.93090804 -17.08080313 -39.92704982  22.9118029    1.85088824
  -0.06770654 -49.36990841 -10.50463233]",0.28039922646391574,"{'fitness 25': 0.215651278524605, 'fitness 53': 0.2884816205922057, 'fitness 74': 0.28039922646391574, 'fitness 102': 0.27673682595133814}",True
25,"[[0], [1], [3, 1], [2, 2, 3], [2, 0], [3, 1, 1, 1, 1], [0, 1, 0, 1, 0], [0, 1]]",0.26567854941021585,"[1, 1, 2, 2, 2, 3, 4, 2]",7,(x[0]/((Constant**Constant)-(x[1]-Constant**Constant))) + Constant*x[0]**Constant + Constant*x[1]**Constant,(x[0]/((-43.622385415468834**-15.651265026593975)-(x[1]--36.34575169144048**9.521641646385653))) + 2.0441163201348287*x[0]**-0.2305200080775549 + -9.717537929911813*x[1]**-23.15035423637803,"[-43.62238542 -15.65126503 -36.34575169   9.52164165   2.04411632
  -0.23052001  -9.71753793 -23.15035424]",0.2396954630488485,"{'fitness 25': 0.2887123873770437, 'fitness 53': 0.26168547342656584, 'fitness 74': 0.2396954630488485, 'fitness 102': 0.246637787427038}",True
26,"[[0], [1], [3, 2], [2], [2], [2], [1, 0], [1]]",0.3886493765014369,"[1, 1, 2, 1, 1, 1, 2, 1]",7,(Constant*((x[1]**Constant)**Constant)) + Constant*x[0]**Constant + Constant*x[1]**Constant,(0.489801545457354*((x[1]**0.6137579390138149)**0.14245426893189117)) + 0.24020263988105517*x[0]**0.6504764223629742 + 0.38950555902724326*x[1]**0.07529977500951346,"[0.48980155 0.61375794 0.14245427 0.24020264 0.65047642 0.38950556
 0.07529978]",0.40672865554517745,"{'fitness 25': 0.34643029372411827, 'fitness 53': 0.4133435583613577, 'fitness 74': 0.40672865554517745, 'fitness 102': 0.40617427741883455}",False
27,"[[0], [1], [2, 1], [1, 1, 2, 0], [2, 1, 2, 0, 2], [2, 3, 1, 3, 3, 0, 2, 0, 3], [1, 1, 1, 1, 1, 0, 1], [0, 0, 1, 0]]",0.449127718589547,"[1, 1, 2, 3, 5, 6, 7, 1]",7,(((Constant*(Constant/Constant))**Constant)-((Constant/Constant/x[0])+(Constant**Constant))) + Constant*x[0]**Constant + Constant*x[1]**Constant,(((27.13028263089161*(-10.44621560434693/-11.411317641536185))**-10.353444393296806)-((-15.500558156113593/-17.978761225745416/x[0])+(47.48002418428004**-5.377326782275188))) + 2.797820944696845*x[0]**-0.8026257106602364 + 2.362605300052371*x[1]**-14.487227361955828,"[ 27.13028263 -10.4462156  -11.41131764 -10.35344439 -15.50055816
 -17.97876123  47.48002418  -5.37732678   2.79782094  -0.80262571
   2.3626053  -14.48722736]",0.3794034725645365,"{'fitness 25': 0.4932335667579652, 'fitness 53': 0.42720189254439467, 'fitness 74': 0.3794034725645365, 'fitness 102': 0.4269476964662811}",True
28,"[[0], [1], [3, 0], [2, 3], [2, 0], [0, 1, 1], [0, 1, 1, 0], [0, 1]]",0.4618555076569246,"[1, 1, 2, 2, 1, 2, 3, 1]",6,(x[0]+(Constant**Constant)-Constant) + Constant*x[0]**Constant + Constant*x[1]**Constant,(x[0]+(11.804336941102653**-26.180024912569124)-0.5776656975060384) + 1.2340587594148453*x[0]**-0.37002297111867044 + -0.9042426049111416*x[1]**-30.905556065065966,"[ 11.80433694 -26.18002491   0.5776657    1.23405876  -0.37002297
  -0.9042426  -30.90555607]",0.4900364445005585,"{'fitness 25': 0.4004966290754071, 'fitness 53': 0.49627310705400934, 'fitness 74': 0.4900364445005585, 'fitness 102': 0.48879678684135736}",True
29,"[[0], [1], [0, 3], [2, 2], [0, 1, 2, 1], [1, 3, 1, 3, 3, 3, 2], [1, 0, 1, 0, 0, 0, 1, 1], [0, 0, 1, 1, 0, 1]]",0.5065496782623526,"[1, 1, 2, 2, 2, 4, 5, 3]",7,((Constant-x[0]**Constant)/((Constant-x[0])**Constant)/x[1]) + Constant*x[0]**Constant + Constant*x[1]**Constant,((-0.7808068689100356-x[0]**-0.11458495722331641)/((18.915587973253906-x[0])**10.156883536532563)/x[1]) + 1.3038797625404879*x[0]**-0.5242220568519202 + 2.2086423279291*x[1]**-8.784246912284747,"[-0.78080687 -0.11458496 18.91558797 10.15688354  1.30387976 -0.52422206
  2.20864233 -8.78424691]",0.5533585442292024,"{'fitness 25': 0.4548008306446121, 'fitness 53': 0.5282683643802186, 'fitness 74': 0.5533585442292024, 'fitness 102': 0.5365798397622272}",True
30,"[[0], [1], [0, 2], [1, 3, 0], [0, 0, 1, 1, 2, 2, 2], [1, 3, 3, 3, 3, 3, 2, 0], [0, 0, 1, 1, 0, 0, 1, 1, 0], [0, 0, 1, 0, 1]]",0.623327708205507,"[1, 1, 2, 3, 4, 8, 9, 5]",7,((x[0]-x[0]/Constant/Constant)/x[1]/((x[0]/Constant)*(Constant+x[1])**Constant)) + Constant*x[0]**Constant + Constant*x[1]**Constant,((x[0]-x[0]/-15.836885344587909/22.061636263910675)/x[1]/((x[0]/-11.938751925639266)*(0.055671689777534006+x[1])**29.023016312266712)) + 1.6155143850686606*x[0]**0.4640287079794758 + -20.541165904472756*x[1]**-40.27444355550279,"[-15.83688534  22.06163626 -11.93875193   0.05567169  29.02301631
   1.61551439   0.46402871 -20.5411659  -40.27444356]",0.644953033631903,"{'fitness 25': 0.5577465077535272, 'fitness 53': 0.6587725093534221, 'fitness 74': 0.644953033631903, 'fitness 102': 0.6534641075095715}",True
31,"[[0], [2], [2], [2, 2, 3], [2], [1, 1, 2], [1, 1, 1, 1, 0], [0]]",0.6606367461678526,"[1, 1, 1, 1, 1, 0, 1, 0]",6,(((Constant**Constant)**Constant)**Constant) + Constant*x[0]**Constant + Constant*x[1]**Constant,(((36.085749715137425**-19.282878368563846)**21.200230542294744)**4.590193499705041) + 1.5197757575233104*x[0]**-1.1472210068990778 + -25.734800278607057*x[1]**-4.270359534753458,"[ 36.08574972 -19.28287837  21.20023054   4.5901935    1.51977576
  -1.14722101 -25.73480028  -4.27035953]",0.5918384842550232,"{'fitness 25': 0.6718656685896914, 'fitness 53': 0.658774001337474, 'fitness 74': 0.5918384842550232, 'fitness 102': 0.6512705685763923}",True
32,"[[0], [1], [2, 2], [1, 0], [0, 0, 1, 0], [3, 1, 2, 0, 1, 0, 3], [1, 1, 1, 1, 1, 1, 1, 1], [0]]",0.7721722488636922,"[1, 1, 2, 2, 4, 7, 8, 0]",6,(((Constant/Constant-Constant*Constant)**Constant)+((Constant-Constant)+Constant/Constant**Constant)) + Constant*x[0]**Constant + Constant*x[1]**Constant,(((46.24569562986021/8.777746517674888-34.215145421603914*-24.17657116230793)**-45.780151455685356)+((20.622748028790568-13.57130767054518)+19.597736105921683/-28.610985416951518**26.196088336308677)) + -4.491472440709984*x[0]**-0.09312648790182526 + 3.5029674049401476*x[1]**-10.6813348108501,"[ 46.24569563   8.77774652  34.21514542 -24.17657116 -45.78015146
  20.62274803  13.57130767  19.59773611 -28.61098542  26.19608834
  -4.49147244  -0.09312649   3.5029674  -10.68133481]",0.7540355709382641,"{'fitness 25': 0.7921476738280467, 'fitness 53': 0.7730493387812356, 'fitness 74': 0.7540355709382641, 'fitness 102': 0.7513197339817941}",True
33,"[[0], [1], [0, 1], [0, 1, 2, 3], [1, 0, 0, 0, 2], [3, 2, 1, 0, 1, 0, 0, 3, 1], [0, 1, 1, 1, 1, 0, 0, 1, 1, 0], [0, 1, 0, 1]]",0.7946496903660547,"[1, 1, 2, 4, 5, 9, 10, 4]",7,((x[0]/Constant)*Constant-Constant+(Constant-x[1]+x[0]+Constant)/((Constant**Constant)-x[1])) + Constant*x[0]**Constant + Constant*x[1]**Constant,((x[0]/6.859685062555253)*-36.518885035674--3.2388088631102665+(-5.607936212311401-x[1]+x[0]+35.26366171048599)/((-21.90140139171078**-1.991038405061115)-x[1])) + 2.0011769976244054*x[0]**2.0373108095506742 + 25.960806313844518*x[1]**-8.918095845819817,"[  6.85968506 -36.51888504  -3.23880886  -5.60793621  35.26366171
 -21.90140139  -1.99103841   2.001177     2.03731081  25.96080631
  -8.91809585]",0.8413561774305192,"{'fitness 25': 0.757365712908142, 'fitness 53': 0.8078282624624415, 'fitness 74': 0.8413561774305192, 'fitness 102': 0.8187550957275807}",True
34,"[[0], [2], [2], [1, 1, 2, 0], [0, 0], [2, 3, 0, 3, 3, 0, 2, 0, 3], [1, 1, 1, 1], [0, 0, 1, 0]]",0.9285944772307889,"[1, 1, 1, 1, 2, 3, 4, 0]",6,(((Constant*Constant/Constant+Constant)**Constant)**Constant) + Constant*x[0]**Constant + Constant*x[1]**Constant,(((-43.63160468097615*6.535999527453978/-0.9467129020183294+19.76229337986201)**17.077086998002326)**-32.17412431990442) + 1.7661122526244148*x[0]**1.2136070209989192 + 4.275174629184765*x[1]**-11.230660818103235,"[-43.63160468   6.53599953  -0.9467129   19.76229338  17.077087
 -32.17412432   1.76611225   1.21360702   4.27517463 -11.23066082]",0.933656108511411,"{'fitness 25': 0.875354816807393, 'fitness 53': 0.9608265205530075, 'fitness 74': 0.933656108511411, 'fitness 102': 0.949602094331966}",True
35,"[[0], [1], [3, 3], [], [], [2], [0, 0], [0, 0]]",1.1288256940808858,"[1, 1, 2, 0, 0, 1, 2, 2]",5,(x[0]*x[0]) + Constant*x[0]**Constant + Constant*x[1]**Constant,(x[0]*x[0]) + 0.489801545457354*x[0]**0.6137579390138149 + 0.14245426893189117*x[1]**0.24020263988105517,[0.48980155 0.61375794 0.14245427 0.24020264],1.1312609627469536,"{'fitness 25': 1.1184122192905495, 'fitness 53': 1.1455891438232029, 'fitness 74': 1.1312609627469536, 'fitness 102': 1.1224757191289052}",False
36,"[[0], [1], [3, 3], [2, 2], [2, 2, 0, 0], [3, 3, 3, 3, 2, 3, 1], [1, 0, 0, 0, 1, 0, 0], [0, 1, 1]]",1.474721073461873,"[1, 1, 2, 0, 0, 1, 2, 1]",5,(Constant/x[0]) + Constant*x[0]**Constant + Constant*x[1]**Constant,(26.72047028334328/x[0]) + -23.424417317740797*x[0]**-1.1443951326336328 + 6.966154336300347*x[1]**-14.728585915779432,[ 26.72047028 -23.42441732  -1.14439513   6.96615434 -14.72858592],1.3923955622367605,"{'fitness 25': 1.4549633226138485, 'fitness 53': 1.50293830772695, 'fitness 74': 1.3923955622367605, 'fitness 102': 1.46626159004482}",True
37,"[[0], [2], [2], [2, 2], [0, 0], [1, 3, 3, 3, 2, 3, 1], [0, 1, 1, 1], [0, 0, 1, 0]]",1.5297577096913668,"[1, 1, 1, 1, 1, 1, 2, 1]",7,(((x[0]-Constant**Constant)**Constant)**Constant) + Constant*x[0]**Constant + Constant*x[1]**Constant,(((x[0]--31.015245154732348**37.589427493752325)**41.22720582514974)**-18.15123026508622) + 0.3196994091472316*x[0]**5.36154715382783 + -4.22756317160556*x[1]**-20.584183734779458,"[-31.01524515  37.58942749  41.22720583 -18.15123027   0.31969941
   5.36154715  -4.22756317 -20.58418373]",1.5521344345674801,"{'fitness 25': 1.4625187059774234, 'fitness 53': 1.5601931119987136, 'fitness 74': 1.5521344345674801, 'fitness 102': 1.5665613110979637}",True
38,"[[0], [2], [0], [3, 2], [2], [3], [0, 1], [1]]",2.72176354162357,"[1, 1, 1, 2, 1, 1, 2, 1]",6,(x[1]/(Constant**Constant)**Constant) + Constant*x[0]**Constant + Constant*x[1]**Constant,(x[1]/(36.355671751553494**-3.785828169285259)**-19.87173136486343) + 1.0012058427310087*x[0]**6.966496949207164 + -33.20584928782334*x[1]**-31.770849122882176,"[ 36.35567175  -3.78582817 -19.87173136   1.00120584   6.96649695
 -33.20584929 -31.77084912]",2.643789413361739,"{'fitness 25': 2.647799601675101, 'fitness 53': 2.79447689868699, 'fitness 74': 2.643789413361739, 'fitness 102': 2.72301412450862}",True
39,"[[0], [0], [2, 1], [1, 3, 1, 2], [0, 0, 2, 1], [2, 2, 3, 3, 2, 3, 1, 1], [1, 0, 1, 1, 0, 1, 1, 0, 1, 1], [1, 0, 0]]",4.6977042074286635,"[1, 1, 2, 3, 4, 7, 8, 3]",7,((Constant*x[1]*Constant/Constant)**Constant)/(x[0]*(Constant/(Constant-x[0]))) + Constant*x[0]**Constant + Constant*x[1]**Constant,((15.90379169040985*x[1]*18.917159887990614/9.830287963772246)**-0.0395484436646385)/(x[0]*(24.656715255524524/(0.6290790224338654-x[0]))) + -1.051744450112114*x[0]**6.576785949516566 + 15.563002622403499*x[1]**-15.884419874455824,"[ 15.90379169  18.91715989   9.83028796  -0.03954844  24.65671526
   0.62907902  -1.05174445   6.57678595  15.56300262 -15.88441987]",4.726703051755706,"{'fitness 25': 4.635548794530238, 'fitness 53': 4.739509760938522, 'fitness 74': 4.726703051755706, 'fitness 102': 4.7180540668172295}",True
40,"[[0], [0], [1, 1], [3, 3, 1, 1], [2, 0, 2, 1], [3, 2, 1, 0, 3, 0, 3], [1, 0, 0, 1, 0, 0, 0, 0], [1, 0, 1, 0, 1, 1]]",13.807342071276215,"[1, 1, 2, 4, 4, 7, 8, 6]",7,(Constant/x[1])*((x[0]-Constant+x[1])/(x[0]+(x[1]/x[1]))) + Constant*x[0]**Constant + Constant*x[1]**Constant,(0.489801545457354/x[1])*((x[0]-0.6137579390138149+x[1])/(x[0]+(x[1]/x[1]))) + 0.14245426893189117*x[0]**0.24020263988105517 + 0.6504764223629742*x[1]**0.38950555902724326,[0.48980155 0.61375794 0.14245427 0.24020264 0.65047642 0.38950556],13.528866602086877,"{'fitness 25': 14.346405232557208, 'fitness 53': 13.791462423455009, 'fitness 74': 13.528866602086877, 'fitness 102': 13.284158557816427}",False
41,"[[0], [2], [1, 3], [2, 2], [0, 1, 2, 1], [0, 1, 3], [1, 0, 1, 0, 0, 0, 1, 1], [0, 1, 1]]",14.15549841887371,"[1, 1, 1, 2, 2, 3, 4, 2]",7,(((Constant+x[0]**Constant)-((Constant/x[1])**Constant))**Constant) + Constant*x[0]**Constant + Constant*x[1]**Constant,(((14.303551277221043+x[0]**35.19868219826319)-((1.05292018231804/x[1])**16.60455814809216))**-21.541860183799436) + 16.2603059454515*x[0]**0.4762676185400223 + 2.986662320519818*x[1]**-9.754250348662604,"[ 14.30355128  35.1986822    1.05292018  16.60455815 -21.54186018
  16.26030595   0.47626762   2.98666232  -9.75425035]",14.213464396817956,"{'fitness 25': 14.21117260840965, 'fitness 53': 14.152440625027669, 'fitness 74': 14.213464396817956, 'fitness 102': 14.102882023183813}",True
42,"[[0], [1], [3, 0], [3, 1], [1, 2], [0, 0, 1, 0], [1, 1, 1, 1, 1], []]",22.8342359268249,"[1, 1, 2, 2, 2, 4, 5, 0]",6,(Constant+Constant+((Constant-Constant)+Constant)) + Constant*x[0]**Constant + Constant*x[1]**Constant,(0.489801545457354+0.6137579390138149+((0.14245426893189117-0.24020263988105517)+0.6504764223629742)) + 0.38950555902724326*x[0]**0.07529977500951346 + 0.4037820939137744*x[1]**0.49534221752335383,"[0.48980155 0.61375794 0.14245427 0.24020264 0.65047642 0.38950556
 0.07529978 0.40378209 0.49534222]",22.35759942504285,"{'fitness 25': 23.78978625204135, 'fitness 53': 22.82146220022116, 'fitness 74': 22.35759942504285, 'fitness 102': 21.891459328212186}",False
43,"[[0], [0], [0, 3], [1, 3], [1, 0], [2, 0, 2, 2, 3], [0, 0, 0, 1, 1, 0], [1, 0, 0, 0, 0]]",35.670932876954,"[1, 1, 2, 2, 2, 5, 6, 4]",7,((x[1]*x[0])+x[0]*Constant)*Constant/x[0] + Constant*x[0]**Constant + Constant*x[1]**Constant,((x[1]*x[0])+x[0]*2.8898274050382855)*-0.011997577889893016/x[0] + 25.29345030469332*x[0]**-1.404307598867108 + -8.4521323924075*x[1]**-23.75959772984247,"[ 2.88982741e+00 -1.19975779e-02  2.52934503e+01 -1.40430760e+00
 -8.45213239e+00 -2.37595977e+01]",35.44699743766919,"{'fitness 25': 35.42936619668007, 'fitness 53': 36.289258465746265, 'fitness 74': 35.44699743766919, 'fitness 102': 35.294173968435665}",True
44,"[[0], [0], [0, 1], [1, 3, 0, 2], [2, 1, 2, 0, 0], [0, 3, 1, 3, 3, 3, 1, 0], [1, 0, 1, 1, 1, 0, 1, 0, 1, 1], [1, 0, 0]]",42.89716493620711,"[1, 1, 2, 4, 5, 8, 9, 3]",7,(Constant+(x[1]/Constant))-Constant/(Constant/x[0]/Constant-(x[0]+Constant**Constant)) + Constant*x[0]**Constant + Constant*x[1]**Constant,(14.594054140481745+(x[1]/-49.97286076164478))-1.8792820675617146/(-15.268161575116853/x[0]/29.496413088965912-(x[0]+-40.547223057979835**35.190115368736784)) + 45.2499615012584*x[0]**0.8600073910330099 + 49.571612568268925*x[1]**-36.06659598754599,"[ 14.59405414 -49.97286076   1.87928207 -15.26816158  29.49641309
 -40.54722306  35.19011537  45.2499615    0.86000739  49.57161257
 -36.06659599]",40.384135305244314,"{'fitness 25': 47.49415425654117, 'fitness 53': 42.837512931058214, 'fitness 74': 40.384135305244314, 'fitness 102': 38.359827621021964}",True
45,"[[0], [2], [3], [], [], [], [0], [0]]",48.90678899217394,"[1, 1, 1, 0, 0, 0, 1, 1]",5,(x[0]**Constant) + Constant*x[0]**Constant + Constant*x[1]**Constant,(x[0]**0.489801545457354) + 0.6137579390138149*x[0]**0.14245426893189117 + 0.24020263988105517*x[1]**0.6504764223629742,[0.48980155 0.61375794 0.14245427 0.24020264 0.65047642],47.714821447006145,"{'fitness 25': 51.41803987497666, 'fitness 53': 48.91467955796253, 'fitness 74': 47.714821447006145, 'fitness 102': 46.38764754358261}",False
46,"[[0], [0], [1, 2], [1, 1, 2], [2, 0, 0, 1, 2], [2, 1, 2, 0, 3, 1, 3], [0, 1, 1, 0, 1, 0, 1, 1], [0, 1, 1]]",569.6668682976448,"[1, 1, 2, 3, 5, 7, 8, 3]",7,((x[0]*Constant-Constant)*(x[1]+Constant/(x[1]-Constant)))/((Constant**Constant)**Constant) + Constant*x[0]**Constant + Constant*x[1]**Constant,((x[0]*0.489801545457354-0.6137579390138149)*(x[1]+0.14245426893189117/(x[1]-0.24020263988105517)))/((0.6504764223629742**0.38950555902724326)**0.07529977500951346) + 0.4037820939137744*x[0]**0.49534221752335383 + 0.4999240053739241*x[1]**0.7918189238417696,"[0.48980155 0.61375794 0.14245427 0.24020264 0.65047642 0.38950556
 0.07529978 0.40378209 0.49534222 0.49992401 0.79181892]",485.50718791094016,"{'fitness 25': 670.8588925128871, 'fitness 53': 555.177935001811, 'fitness 74': 485.50718791094016, 'fitness 102': 482.9637773782365}",False
47,"[[0], [1], [2, 3], [2, 3], [2], [0, 3], [1, 0, 1], [1, 1]]",3755.378178612571,"[1, 1, 2, 1, 1, 1, 2, 1]",6,(((Constant**Constant)**Constant)+x[1]) + Constant*x[0]**Constant + Constant*x[1]**Constant,(((3.4431309647650834**20.10906113910167)**-35.72335820210262)+x[1]) + -40.709701150193055*x[0]**12.723117369712273 + -7.170044309781687*x[1]**-18.23125889639013,"[  3.44313096  20.10906114 -35.7233582  -40.70970115  12.72311737
  -7.17004431 -18.2312589 ]",3610.13083322146,"{'fitness 25': 4048.4609613959674, 'fitness 53': 3768.1135573119072, 'fitness 74': 3610.13083322146, 'fitness 102': 3449.560017129839}",True
48,"[[0], [0], [0, 2], [2, 1, 0], [0, 2, 2, 2, 0], [2, 0, 2, 0, 0, 2], [1, 0, 0, 0, 1, 0, 1], [0, 0, 1, 0]]",4232.015638278946,"[1, 1, 2, 3, 5, 6, 7, 4]",7,(Constant*x[0]**Constant)+(x[0]*x[1])+(Constant+x[0]*Constant**Constant) + Constant*x[0]**Constant + Constant*x[1]**Constant,(0.489801545457354*x[0]**0.6137579390138149)+(x[0]*x[1])+(0.14245426893189117+x[0]*0.24020263988105517**0.6504764223629742) + 0.38950555902724326*x[0]**0.07529977500951346 + 0.4037820939137744*x[1]**0.49534221752335383,"[0.48980155 0.61375794 0.14245427 0.24020264 0.65047642 0.38950556
 0.07529978 0.40378209 0.49534222]",4227.196752606443,"{'fitness 25': 4408.825966337832, 'fitness 53': 4256.163023759806, 'fitness 74': 4227.196752606443, 'fitness 102': 4031.0579247392016}",False
49,"[[0], [2], [0], [1, 3], [2, 2], [0, 0], [0, 0, 0], [1, 1, 1]]",7613.911916910106,"[1, 1, 1, 2, 2, 2, 3, 3]",7,((x[1]+x[1])+x[1]**Constant) + Constant*x[0]**Constant + Constant*x[1]**Constant,((x[1]+x[1])+x[1]**-31.767253672904054) + -48.96359341423203*x[0]**14.51003550462612 + 14.883719170205552*x[1]**-23.992047317255988,[-31.76725367 -48.96359341  14.5100355   14.88371917 -23.99204732],7321.797518704221,"{'fitness 25': 8188.15125232547, 'fitness 53': 7651.933317670642, 'fitness 74': 7321.797518704221, 'fitness 102': 7001.651180734207}",True
