,genotype,fitness,mapping_values,tree_depth,original_phenotype,phenotype,opt_const,fitness val,other_info,optimized
0,"[[0], [0], [0, 3], [2, 2, 3, 2], [0, 0, 0, 0, 1, 0], [0, 3, 3, 0, 0, 1, 2, 2, 2, 0, 3], [0, 0, 1, 1, 1, 1, 0], [0, 1, 1, 1]]",0.10440590599685673,"[1, 1, 2, 2, 2, 4, 5, 2]",7,(x[0]+x[1]**Constant)/(Constant/Constant**Constant)+Constant,(x[0]+x[1]**0.09984056140514896)/(1.7997715587453909/-1.3601037614413996**1.2441331839062482)+4.486355316600761,[ 0.09984056  1.79977156 -1.36010376  1.24413318  4.48635532],0.11227761583508596,"{'fitness 25': 0.0935482949392177, 'fitness 53': 0.1089608414920258, 'fitness 74': 0.11070858155932672, 'fitness 102': 0.11227761583508596}",True
1,"[[0], [1], [0, 3], [0, 1, 2, 2], [2, 1, 1, 1], [1, 3, 0, 3, 1, 2, 2], [1, 1, 0, 1, 1, 0, 0, 1], [0, 1, 0]]",0.1134893777395279,"[1, 1, 2, 2, 4, 7, 8, 3]",7,(Constant-(Constant/x[0])+((Constant/Constant)-(x[1]*x[0]))*Constant),(1.5127385037173526-(-0.437957015575515/x[0])+((-0.3321291506714492/-0.2615467034711877)-(x[1]*x[0]))*4.132628017082994e-05),"[ 1.51273850e+00 -4.37957016e-01 -3.32129151e-01 -2.61546703e-01
  4.13262802e-05]",0.11561595600841856,"{'fitness 25': 0.10095575181494389, 'fitness 53': 0.12402945833454786, 'fitness 74': 0.11548292306909196, 'fitness 102': 0.11561595600841856}",True
2,"[[0], [0], [0, 3], [0, 2, 2, 3], [0, 0, 0, 0, 1, 0], [0, 3, 0, 2, 0, 1, 2, 2, 2, 0, 3], [1, 1, 1, 1, 0, 1, 0], [1, 0, 0, 1]]",0.11850700484059977,"[1, 1, 2, 2, 3, 6, 7, 2]",7,Constant+Constant/Constant+Constant*(x[1]+Constant**Constant)-x[0],3.0324130191339425+-0.3568782707993634/11.920835760454079+-4.1996705616375675e-05*(x[1]+0.5480779282899562**0.25302848679808815)-x[0],"[ 3.03241302e+00 -3.56878271e-01  1.19208358e+01 -4.19967056e-05
  5.48077928e-01  2.53028487e-01]",0.129620630723132,"{'fitness 25': 0.12320679377764188, 'fitness 53': 0.11053527670585465, 'fitness 74': 0.12177894403830276, 'fitness 102': 0.129620630723132}",True
3,"[[0], [0], [0, 2], [1, 2, 3], [0, 0, 0, 0, 1, 0], [3, 0, 3, 2, 0, 0, 3, 1, 2, 1, 0], [1, 1, 1, 0, 1, 0, 0], [0, 1, 1]]",0.1304642603997864,"[1, 1, 2, 3, 3, 6, 7, 3]",7,(Constant/Constant+Constant/x[0])*(Constant+x[1]**Constant)+(x[1]**Constant),(11.463264250358234/2.981483561998327+2.346043529997854/x[0])*(0.2288766621175124+x[1]**-12.83250827388206)+(x[1]**-0.12333399090538708),"[ 11.46326425   2.98148356   2.34604353   0.22887666 -12.83250827
  -0.12333399]",0.13029027546889452,"{'fitness 25': 0.11735169617435734, 'fitness 53': 0.14309152136914444, 'fitness 74': 0.13094956365585741, 'fitness 102': 0.13029027546889452}",True
4,"[[0], [0], [0, 2], [0, 2, 2, 3], [0, 1, 2, 1], [3, 0, 3, 2, 0, 0, 3, 1, 2, 1, 0], [1, 1, 1, 0, 1, 0, 0], [0, 1, 1]]",0.13157139621048453,"[1, 1, 2, 3, 4, 6, 7, 3]",7,Constant/Constant+(Constant/x[0])*(Constant**Constant)+(((x[1]+x[1])**Constant)**Constant),0.7619826702169482/0.8673900343691544+(0.8306677001624726/x[0])*(0.5874228858879424**0.817448414115986)+(((x[1]+x[1])**-0.2221602131312535)**0.5098135915789421),"[ 0.76198267  0.86739003  0.8306677   0.58742289  0.81744841 -0.22216021
  0.50981359]",0.1314725417201342,"{'fitness 25': 0.11847616016158044, 'fitness 53': 0.144077867060389, 'fitness 74': 0.1321601614094842, 'fitness 102': 0.1314725417201342}",True
5,"[[0], [2], [0], [1, 2], [2, 0, 1, 0, 1, 0], [2, 3, 3, 0], [1, 1, 0, 0, 1, 0, 0], [0, 0, 1]]",0.1371705540818253,"[1, 1, 1, 2, 3, 4, 5, 2]",7,((Constant*Constant/x[0])/((x[0]+Constant)**Constant)**Constant),((1.4644079421188385*1.3186800949039919/x[0])/((x[0]+-0.11209585745505081)**-0.8316496835503253)**0.6370680392713018),[ 1.46440794  1.31868009 -0.11209586 -0.83164968  0.63706804],0.14169862021590693,"{'fitness 25': 0.1286099130115533, 'fitness 53': 0.14045080274617455, 'fitness 74': 0.14245094648774806, 'fitness 102': 0.14169862021590693}",True
6,"[[0], [2], [0], [1, 2], [2, 1, 0, 0, 1, 0], [2, 3, 3, 0], [1, 1, 0, 0, 1, 0, 0], [0, 0, 1]]",0.13717055795073796,"[1, 1, 1, 2, 3, 4, 5, 2]",7,((Constant*(Constant/x[0]))/(x[0]+Constant**Constant)**Constant),((1.3553535114597994*(1.424471409825/x[0]))/(x[0]+-0.09589828411344165**0.9352857109835814)**-0.5302131929837585),[ 1.35535351  1.42447141 -0.09589828  0.93528571 -0.53021319],0.14166512677419305,"{'fitness 25': 0.12865667625035743, 'fitness 53': 0.1404438808661731, 'fitness 74': 0.14241111673568338, 'fitness 102': 0.14166512677419305}",True
7,"[[0], [1], [2, 3], [1, 2, 2], [1, 1, 2, 0, 1, 0], [0, 3, 0, 0, 0, 1, 2, 2, 2, 0, 3], [1, 1, 0, 1, 1, 1, 0], [0, 1, 1, 1]]",0.137268207735523,"[1, 1, 2, 1, 2, 4, 5, 1]",7,((((Constant+Constant)/(x[0]+Constant))**Constant)+Constant),((((1.1592887437323374+0.6690553803266887)/(x[0]+0.7336013199160744))**1.1773323768762742)+0.7470972689171345),[1.15928874 0.66905538 0.73360132 1.17733238 0.74709727],0.14138006816131607,"{'fitness 25': 0.12838610528962047, 'fitness 53': 0.14108403160858696, 'fitness 74': 0.1423344863083616, 'fitness 102': 0.14138006816131607}",True
8,"[[0], [2], [1, 2], [0, 2, 2, 3], [1, 1, 2, 0, 1, 0], [1, 3, 0, 0, 1, 2, 2], [1, 1, 0, 1, 1, 0, 0, 1], [0, 0, 1, 1]]",0.13727016871808598,"[1, 1, 1, 2, 3, 4, 5, 1]",7,(((Constant-Constant)/(x[0]+Constant)+(Constant**Constant))**Constant),(((-0.2361248906434505-1.4723017174640345)/(x[0]+2.160771935904878)+(2.241998419655561**0.2563170880646817))**-1.5970387777780322),[-0.23612489  1.47230172  2.16077194  2.24199842  0.25631709 -1.59703878],0.1412829506898333,"{'fitness 25': 0.12824673098011585, 'fitness 53': 0.14125441413080797, 'fitness 74': 0.14230936104333408, 'fitness 102': 0.1412829506898333}",True
9,"[[0], [2], [0], [1, 2], [2, 0, 0, 0, 1, 0], [0, 3, 3, 0], [1, 1, 0, 0, 1, 0, 0], [0, 0, 1]]",0.13729761286512876,"[1, 1, 1, 2, 3, 4, 5, 2]",7,((Constant+Constant/x[0])/(x[0]+Constant**Constant)**Constant),((2.0130866478455225+-0.07376074602611579/x[0])/(x[0]+0.08545715222689176**0.7965894915239055)**0.5046516584716345),[ 2.01308665 -0.07376075  0.08545715  0.79658949  0.50465166],0.1417941031492663,"{'fitness 25': 0.12842604717603678, 'fitness 53': 0.1408294186113459, 'fitness 74': 0.14263737280800362, 'fitness 102': 0.1417941031492663}",True
10,"[[0], [1], [0, 3], [1, 2, 2], [1, 1, 2, 0, 1, 0], [0, 3, 0, 0, 0, 1, 2, 2, 2, 0, 3], [1, 1, 0, 1, 1, 1, 0], [0, 1, 1, 1]]",0.21351338818485732,"[1, 1, 2, 2, 3, 5, 6, 1]",7,(((Constant+Constant)/(x[0]+Constant))+(Constant**Constant)+Constant),(((0.24437350579495432+0.9970533476952497)/(x[0]+0.8740366112344926))+(0.8821525083744344**0.9087138760867254)+0.3802427649163881),[0.24437351 0.99705335 0.87403661 0.88215251 0.90871388 0.38024276],0.21194662438305062,"{'fitness 25': 0.20152391842037393, 'fitness 53': 0.2262586519772525, 'fitness 74': 0.21275759415694553, 'fitness 102': 0.21194662438305062}",False
11,"[[0], [0], [0, 3], [0, 2, 2, 3], [0, 0, 0, 0, 1, 0], [0, 3, 0, 2, 0, 1, 2, 2, 2, 0, 3], [1, 1, 1, 1, 0, 1, 0], [0, 0, 1, 1]]",0.35823785629751614,"[1, 1, 2, 2, 3, 6, 7, 2]",7,Constant+Constant/Constant+Constant*(x[0]+Constant**Constant)-x[0],0.24437350579495432+0.9970533476952497/0.8740366112344926+0.8821525083744344*(x[0]+0.9087138760867254**0.3802427649163881)-x[0],[0.24437351 0.99705335 0.87403661 0.88215251 0.90871388 0.38024276],0.3463469600512952,"{'fitness 25': 0.36417910979222373, 'fitness 53': 0.36516911122726436, 'fitness 74': 0.3453653478730602, 'fitness 102': 0.3463469600512952}",False
12,"[[0], [0], [0, 1], [1, 3, 3, 3], [2, 2, 0, 0, 1, 0], [0, 0, 3, 0, 1], [1, 1, 0, 0, 1, 0, 0], [0, 0, 0, 0]]",0.4049165598775548,"[1, 1, 2, 4, 2, 4, 5, 2]",6,(Constant+Constant)+x[0]/(x[0]+Constant),(0.24437350579495432+0.9970533476952497)+x[0]/(x[0]+0.8740366112344926),[0.24437351 0.99705335 0.87403661],0.429816642494389,"{'fitness 25': 0.34693745912599017, 'fitness 53': 0.439056262033639, 'fitness 74': 0.4287559584730353, 'fitness 102': 0.429816642494389}",False
13,"[[0], [2], [0], [1, 2], [2, 0, 1, 0, 1, 0], [2, 3, 3, 0], [1, 0, 0, 0, 1, 0, 0], [1, 0, 1]]",0.5579131826777197,"[1, 1, 1, 2, 3, 4, 5, 3]",7,((Constant*x[1]/x[0])/((x[1]+Constant)**Constant)**Constant),((0.24437350579495432*x[1]/x[0])/((x[1]+0.9970533476952497)**0.8740366112344926)**0.8821525083744344),[0.24437351 0.99705335 0.87403661 0.88215251],0.5240229297581855,"{'fitness 25': 0.6179635468527354, 'fitness 53': 0.5501642634587508, 'fitness 74': 0.5056117377216731, 'fitness 102': 0.5240229297581855}",False
14,"[[0], [1], [0, 3], [1, 2, 2], [0, 1, 2, 0, 1, 0], [0, 3, 0, 0, 0, 1, 2, 2, 2, 0, 3], [1, 1, 0, 1, 0, 1, 0], [1, 0, 0, 1]]",0.6041553404300454,"[1, 1, 2, 2, 3, 5, 6, 2]",7,((Constant+Constant/(x[1]+Constant))+(x[0]**Constant)+Constant),((0.24437350579495432+0.9970533476952497/(x[1]+0.8740366112344926))+(x[0]**0.8821525083744344)+0.9087138760867254),[0.24437351 0.99705335 0.87403661 0.88215251 0.90871388],0.6023022138570382,"{'fitness 25': 0.5862786530849619, 'fitness 53': 0.6235925402643832, 'fitness 74': 0.6025948279407909, 'fitness 102': 0.6023022138570382}",False
15,"[[0], [1], [2, 2], [1, 0, 2, 3], [1, 0, 0, 0, 1, 0], [0, 3, 3, 2, 0, 3, 2], [1, 0, 0, 0, 1, 0, 0, 1, 1], [1, 0, 1, 0, 0]]",0.6280026957673801,"[1, 1, 2, 2, 4, 7, 8, 5]",7,((((Constant+x[1])/x[0]/x[1])**Constant)*(Constant+x[0]/x[0]*Constant**Constant)),((((0.24437350579495432+x[1])/x[0]/x[1])**0.9970533476952497)*(0.8740366112344926+x[0]/x[0]*0.8821525083744344**0.9087138760867254)),[0.24437351 0.99705335 0.87403661 0.88215251 0.90871388],0.6340344337279094,"{'fitness 25': 0.6795674741091441, 'fitness 53': 0.6392915579098425, 'fitness 74': 0.5651490552831538, 'fitness 102': 0.6340344337279094}",False
16,"[[0], [2], [0, 2], [2, 2, 3, 2], [0, 0, 2, 0, 1, 0], [0, 3, 3, 0, 0, 1, 2, 2, 2, 0, 3], [1, 1, 1, 1, 0, 1, 0], [1, 1, 1, 1]]",0.6512994797711378,"[1, 1, 1, 2, 2, 3, 4, 0]",6,((Constant+Constant**Constant)/(Constant/Constant**Constant)**Constant),((0.24437350579495432+0.9970533476952497**0.8740366112344926)/(0.8821525083744344/0.9087138760867254**0.3802427649163881)**0.5931745881328567),"[0.24437351 0.99705335 0.87403661 0.88215251 0.90871388 0.38024276
 0.59317459]",0.6859763858582681,"{'fitness 25': 0.5833998432786912, 'fitness 53': 0.681317100153673, 'fitness 74': 0.689181495881049, 'fitness 102': 0.6859763858582681}",False
17,"[[0], [2], [0, 3], [2, 2, 3, 2], [0, 0, 0, 0, 1, 0], [0, 3, 3, 0, 0, 1, 2, 2, 2, 0, 3], [1, 1, 0, 1, 1, 0, 0], [0, 1, 1, 1]]",0.6639117085667441,"[1, 1, 1, 2, 2, 3, 4, 1]",7,((Constant+Constant**Constant)/(x[0]/Constant**Constant)**Constant),((0.24437350579495432+0.9970533476952497**0.8740366112344926)/(x[0]/0.8821525083744344**0.9087138760867254)**0.3802427649163881),[0.24437351 0.99705335 0.87403661 0.88215251 0.90871388 0.38024276],0.6925872777865293,"{'fitness 25': 0.6013659182817562, 'fitness 53': 0.6846826642562561, 'fitness 74': 0.7056865431622199, 'fitness 102': 0.6925872777865293}",False
18,"[[0], [2], [0, 0], [2, 2, 3], [0, 0, 0, 0, 1, 0], [3, 0, 3, 2, 0, 0, 3, 1, 2, 1, 0], [1, 1, 1, 0, 1, 0, 0], [0, 1, 1]]",0.6783614788506185,"[1, 1, 1, 2, 2, 3, 4, 1]",7,((Constant/Constant**Constant)+(Constant/x[0]**Constant)**Constant),((0.24437350579495432/0.9970533476952497**0.8740366112344926)+(0.8821525083744344/x[0]**0.9087138760867254)**0.3802427649163881),[0.24437351 0.99705335 0.87403661 0.88215251 0.90871388 0.38024276],0.7088768390690163,"{'fitness 25': 0.6140561335243465, 'fitness 53': 0.7015412760204986, 'fitness 74': 0.7194870270070103, 'fitness 102': 0.7088768390690163}",False
19,"[[0], [0], [0, 2], [3, 0, 0], [2, 2, 2, 1], [0, 3, 3, 1, 3], [1, 0, 1, 0, 1, 0], [0, 0, 1]]",0.7055874418727969,"[1, 1, 2, 3, 4, 5, 6, 3]",7,Constant+x[0]/Constant/(x[0]-(Constant/x[1])**Constant),0.24437350579495432+x[0]/0.9970533476952497/(x[0]-(0.8740366112344926/x[1])**0.8821525083744344),[0.24437351 0.99705335 0.87403661 0.88215251],0.7400635601940692,"{'fitness 25': 0.6385343476074079, 'fitness 53': 0.7348630630611945, 'fitness 74': 0.7433649149497878, 'fitness 102': 0.7400635601940692}",False
20,"[[0], [1], [2, 0], [3, 1, 2], [0, 1, 2], [3, 0, 3, 2, 0], [1, 1, 0, 0, 1, 1], [0, 1]]",0.7090133767100628,"[1, 1, 2, 3, 3, 5, 6, 2]",7,((Constant**Constant)/(Constant+x[0]/(x[1]*Constant))+(Constant**Constant)),((0.24437350579495432**0.9970533476952497)/(0.8740366112344926+x[0]/(x[1]*0.8821525083744344))+(0.9087138760867254**0.3802427649163881)),[0.24437351 0.99705335 0.87403661 0.88215251 0.90871388 0.38024276],0.743752943033961,"{'fitness 25': 0.6417930397147482, 'fitness 53': 0.7383023810213165, 'fitness 74': 0.7469447093941235, 'fitness 102': 0.743752943033961}",False
21,"[[0], [0], [0, 2], [0, 2, 2, 3], [2, 2, 0, 0, 0, 0, 0], [2, 3, 3, 0, 3, 0, 0, 0], [1, 1, 0, 0, 1, 1, 0, 0], [0, 0, 0, 1, 0]]",0.750274005116761,"[1, 1, 2, 3, 4, 5, 6, 2]",7,Constant*Constant/(x[0]/x[0]**Constant)+((Constant/Constant**Constant)**Constant),0.24437350579495432*0.9970533476952497/(x[0]/x[0]**0.8740366112344926)+((0.8821525083744344/0.9087138760867254**0.3802427649163881)**0.5931745881328567),"[0.24437351 0.99705335 0.87403661 0.88215251 0.90871388 0.38024276
 0.59317459]",0.7846646309712512,"{'fitness 25': 0.6837443039542183, 'fitness 53': 0.7785593899252431, 'fitness 74': 0.7885183214708216, 'fitness 102': 0.7846646309712512}",False
22,"[[0], [2], [0], [1, 2], [0, 1, 2, 1], [3, 0, 3, 0, 0], [1, 1, 0, 1, 1, 0], [0, 0, 0, 0]]",0.7593062244753931,"[1, 1, 1, 2, 3, 4, 5, 1]",7,((Constant/Constant+(x[0]/Constant))+(Constant**Constant)**Constant),((0.24437350579495432/0.9970533476952497+(x[0]/0.8740366112344926))+(0.8821525083744344**0.9087138760867254)**0.3802427649163881),[0.24437351 0.99705335 0.87403661 0.88215251 0.90871388 0.38024276],0.748740787467447,"{'fitness 25': 0.7537111922008611, 'fitness 53': 0.7722739528029663, 'fitness 74': 0.7519335284223516, 'fitness 102': 0.748740787467447}",False
23,"[[0], [0], [0, 3], [1, 2, 3], [2, 1, 2, 1], [3, 3, 3, 0, 3, 0], [1, 1, 1, 0, 1, 1, 0], [0, 1, 1, 1]]",0.7675814414683862,"[1, 1, 2, 2, 3, 4, 5, 1]",7,(Constant/(Constant/Constant))/(x[0]**Constant)+Constant,(0.24437350579495432/(0.9970533476952497/0.8740366112344926))/(x[0]**0.8821525083744344)+0.9087138760867254,[0.24437351 0.99705335 0.87403661 0.88215251 0.90871388],0.7991457059305134,"{'fitness 25': 0.7029438546740443, 'fitness 53': 0.7918425383780705, 'fitness 74': 0.8079579313530441, 'fitness 102': 0.7991457059305134}",False
24,"[[0], [2], [0, 2], [0, 0, 2, 3], [2, 1, 2, 0, 1, 0], [1, 3, 0, 0, 1, 2, 2], [1, 0, 0, 1, 0, 1, 1, 1, 0], [0, 1, 0, 1, 0]]",0.8141316048054369,"[1, 1, 1, 2, 4, 5, 6, 3]",7,(Constant-(x[0]/x[1])+Constant+x[0]-Constant**Constant),(0.24437350579495432-(x[0]/x[1])+0.9970533476952497+x[0]-0.8740366112344926**0.8821525083744344),[0.24437351 0.99705335 0.87403661 0.88215251],0.8526060372548053,"{'fitness 25': 0.7485342315079961, 'fitness 53': 0.852341355327658, 'fitness 74': 0.8415192275806562, 'fitness 102': 0.8526060372548053}",False
25,"[[0], [0], [0, 3], [0, 2, 2, 3], [0, 0, 0, 0, 1, 0], [0, 3, 0, 2, 0, 1, 2, 2, 2, 0, 3], [1, 0, 0, 1, 0, 1, 1, 1], [0, 1, 0, 0, 0]]",0.9121942148786485,"[1, 1, 2, 2, 3, 6, 7, 3]",7,Constant+x[0]/x[1]+Constant*(x[0]+Constant**Constant)-Constant,0.24437350579495432+x[0]/x[1]+0.9970533476952497*(x[0]+0.8740366112344926**0.8821525083744344)-0.9087138760867254,[0.24437351 0.99705335 0.87403661 0.88215251 0.90871388],0.9522342897259004,"{'fitness 25': 0.8462877991727675, 'fitness 53': 0.9496129187633197, 'fitness 74': 0.9406819266998583, 'fitness 102': 0.9522342897259004}",False
26,"[[0], [2], [0], [0, 2], [0, 2, 0, 0, 1, 0], [0, 3, 3, 0], [1, 1, 0, 0, 1, 0, 0], [0, 0, 1]]",0.9413466338823442,"[1, 1, 1, 2, 3, 4, 5, 2]",7,(Constant+Constant/x[0]/(x[0]+Constant**Constant)**Constant),(0.24437350579495432+0.9970533476952497/x[0]/(x[0]+0.8740366112344926**0.8821525083744344)**0.9087138760867254),[0.24437351 0.99705335 0.87403661 0.88215251 0.90871388],0.960136768016776,"{'fitness 25': 0.889865199212913, 'fitness 53': 0.9527840784989633, 'fitness 74': 0.9813906239351563, 'fitness 102': 0.960136768016776}",False
27,"[[0], [1], [0, 3], [2, 2, 2, 2], [2, 0, 0, 0, 1, 0], [0, 3, 3, 0, 3, 2, 3], [1, 1, 0, 0, 0, 0, 0, 0], [0, 0, 1, 0, 0]]",0.9645280521102247,"[1, 1, 2, 2, 2, 3, 4, 2]",7,((Constant**Constant)+(Constant/x[0]**Constant)/x[0]),((0.24437350579495432**0.9970533476952497)+(0.8740366112344926/x[0]**0.8821525083744344)/x[0]),[0.24437351 0.99705335 0.87403661 0.88215251],0.9971204295040009,"{'fitness 25': 0.9723133303061394, 'fitness 53': 1.0261333836239532, 'fitness 74': 0.8951374424005816, 'fitness 102': 0.9971204295040009}",False
28,"[[0], [1], [2, 2], [3, 0, 2], [1, 1, 1], [0, 1, 2, 1, 2, 2], [0, 0, 0, 0, 0, 1, 0], [0, 0, 0, 1, 1]]",0.9811748114712211,"[1, 1, 2, 2, 2, 4, 5, 5]",7,((x[0]**Constant)+((x[0]-x[0])*(x[1]-x[1])**Constant)),((x[0]**0.24437350579495432)+((x[0]-x[0])*(x[1]-x[1])**0.9970533476952497)),[0.24437351 0.99705335],1.0181644322858567,"{'fitness 25': 0.9156602440178299, 'fitness 53': 1.0112548352175872, 'fitness 74': 1.0166093551782462, 'fitness 102': 1.0181644322858567}",False
29,"[[0], [2], [0, 2], [2, 3, 3], [2], [2, 3, 3, 2, 0, 0, 0], [0, 1, 1], [0, 0, 0, 1]]",0.983433456919931,"[1, 1, 1, 2, 1, 1, 2, 1]",7,((x[0]**Constant)*Constant**Constant),((x[0]**0.24437350579495432)*0.9970533476952497**0.8740366112344926),[0.24437351 0.99705335 0.87403661],1.0204168450453706,"{'fitness 25': 0.9179407874068565, 'fitness 53': 1.0134859483884238, 'fitness 74': 1.0188736349645127, 'fitness 102': 1.0204168450453706}",False
30,"[[0], [0], [0, 3], [1, 2, 0, 1], [2, 0, 0, 0, 1, 0, 0], [3, 3, 3, 3, 0, 0, 3, 0, 2, 1, 0, 2], [1, 1, 0, 0, 1, 1, 0], [1, 0, 1, 1]]",1.023691808458416,"[1, 1, 2, 2, 3, 5, 6, 2]",7,(Constant/Constant/x[1])/(x[0]/Constant**Constant)+Constant,(0.24437350579495432/0.9970533476952497/x[1])/(x[0]/0.8740366112344926**0.8821525083744344)+0.9087138760867254,[0.24437351 0.99705335 0.87403661 0.88215251 0.90871388],1.0581514914860448,"{'fitness 25': 0.9596222959986694, 'fitness 53': 1.05017123881242, 'fitness 74': 1.061281890564158, 'fitness 102': 1.0581514914860448}",False
31,"[[0], [1], [0, 1], [2, 0, 3, 2], [1, 0, 1, 2], [2, 3, 2, 3, 3, 0, 0], [1, 1, 1, 1, 1, 0, 0, 1], [0, 0]]",1.0323007857917545,"[1, 1, 2, 4, 4, 7, 8, 2]",7,(((Constant*Constant)**Constant)/Constant*Constant/(Constant/x[0])+(x[0]+(Constant**Constant))),(((0.24437350579495432*0.9970533476952497)**0.8740366112344926)/0.8821525083744344*0.9087138760867254/(0.3802427649163881/x[0])+(x[0]+(0.5931745881328567**0.4776189549427463))),"[0.24437351 0.99705335 0.87403661 0.88215251 0.90871388 0.38024276
 0.59317459 0.47761895]",1.0179808937777926,"{'fitness 25': 1.0295064461815666, 'fitness 53': 1.0433335198080316, 'fitness 74': 1.0240623913856652, 'fitness 102': 1.0179808937777926}",False
32,"[[0], [0], [0, 1], [1, 2, 0, 1], [2, 0, 0, 0, 1, 0, 0], [3, 3, 3, 3, 0, 0, 3, 0, 2, 1, 3, 2], [0, 0, 0, 1, 1, 1, 1, 1, 0, 0, 1, 0, 1], [0, 1, 0, 1, 0, 1]]",1.0473106446092362,"[1, 1, 2, 4, 7, 12, 13, 6]",7,(x[0]/x[1]/x[0])/(Constant/Constant**Constant)+(Constant+Constant/(Constant+x[1])*(x[0]-Constant/x[1]*Constant)),(x[0]/x[1]/x[0])/(0.24437350579495432/0.9970533476952497**0.8740366112344926)+(0.8821525083744344+0.9087138760867254/(0.3802427649163881+x[1])*(x[0]-0.5931745881328567/x[1]*0.4776189549427463)),"[0.24437351 0.99705335 0.87403661 0.88215251 0.90871388 0.38024276
 0.59317459 0.47761895]",1.0814674170930676,"{'fitness 25': 0.9836555233377396, 'fitness 53': 1.0736121461218953, 'fitness 74': 1.0846642643680737, 'fitness 102': 1.0814674170930676}",False
33,"[[0], [1], [2, 3], [0, 1, 2, 2], [1, 1, 1, 1, 1], [0, 3, 0, 0, 0, 1, 2, 2, 2, 0, 3], [0, 1, 1, 0, 1, 1, 0, 1, 1, 0], [0, 1, 1, 1]]",1.0480859442859225,"[1, 1, 2, 1, 2, 4, 5, 2]",7,(((x[0]+Constant)/(Constant+x[1])**Constant)+Constant),(((x[0]+0.24437350579495432)/(0.9970533476952497+x[1])**0.8740366112344926)+0.8821525083744344),[0.24437351 0.99705335 0.87403661 0.88215251],1.0824181660235115,"{'fitness 25': 0.9842924582491844, 'fitness 53': 1.0744083671992983, 'fitness 74': 1.0855570074092842, 'fitness 102': 1.0824181660235115}",False
34,"[[0], [0], [2, 1], [1, 2, 3], [0, 0, 0, 0, 1, 0], [0, 3, 3, 0, 2, 3], [0, 1, 0, 0, 1, 1, 0], [0, 1, 0, 1]]",1.0886625711602775,"[1, 1, 2, 3, 3, 6, 7, 4]",7,((x[0]+Constant/x[1]/x[0])**Constant)+((Constant*Constant**Constant)/x[1]),((x[0]+0.24437350579495432/x[1]/x[0])**0.9970533476952497)+((0.8740366112344926*0.8821525083744344**0.9087138760867254)/x[1]),[0.24437351 0.99705335 0.87403661 0.88215251 0.90871388],1.1300672138694876,"{'fitness 25': 1.0233817425717153, 'fitness 53': 1.1245477770821308, 'fitness 74': 1.1180581938269862, 'fitness 102': 1.1300672138694876}",False
35,"[[0], [0], [1, 2], [2, 3, 3], [0], [0, 0, 2], [0, 1, 1, 0], [0, 0]]",1.116750338619629,"[1, 1, 2, 3, 1, 3, 4, 2]",7,((x[0]+Constant**Constant)+Constant)*(x[0]**Constant),((x[0]+0.24437350579495432**0.9970533476952497)+0.8740366112344926)*(x[0]**0.8821525083744344),[0.24437351 0.99705335 0.87403661 0.88215251],1.1262647526711946,"{'fitness 25': 1.0869336491400028, 'fitness 53': 1.1453983741424798, 'fitness 74': 1.117918992576404, 'fitness 102': 1.1262647526711946}",False
36,"[[0], [0], [2, 1], [2, 3, 3], [2, 0, 2, 0], [2, 2, 1], [0, 1, 1, 1], [0]]",1.18627685454012,"[1, 1, 2, 3, 1, 2, 3, 1]",7,((x[0]**Constant)**Constant)*(Constant*Constant),((x[0]**0.24437350579495432)**0.9970533476952497)*(0.8740366112344926*0.8821525083744344),[0.24437351 0.99705335 0.87403661 0.88215251],1.2225787067208675,"{'fitness 25': 1.1225795231933846, 'fitness 53': 1.2141598496677102, 'fitness 74': 1.2220911907592658, 'fitness 102': 1.2225787067208675}",False
37,"[[0], [0], [0, 2], [0, 2, 2, 3], [0, 0, 2, 1], [3, 0, 2, 3, 0, 0, 3, 1, 2, 1, 0], [1, 1, 0, 0, 1, 0, 0], [0, 0, 0, 0]]",1.2839175261462727,"[1, 1, 2, 3, 4, 6, 7, 4]",7,Constant/Constant+x[0]*x[0]/(Constant**Constant)+(((x[0]+x[0])**Constant)**Constant),0.24437350579495432/0.9970533476952497+x[0]*x[0]/(0.8740366112344926**0.8821525083744344)+(((x[0]+x[0])**0.9087138760867254)**0.3802427649163881),[0.24437351 0.99705335 0.87403661 0.88215251 0.90871388 0.38024276],1.2693823102401758,"{'fitness 25': 1.2792436191452186, 'fitness 53': 1.2956081763712388, 'fitness 74': 1.276900782922361, 'fitness 102': 1.2693823102401758}",False
38,"[[0], [0], [0, 2], [0, 1, 2, 2], [2, 2, 0, 0, 0, 0, 0], [1, 3, 0, 3, 1, 2, 2], [0, 1, 0, 0, 1, 1, 0, 0, 1, 1, 1, 0, 0], [0, 0, 0, 0, 0]]",1.319036412175556,"[1, 1, 2, 3, 5, 7, 8, 5]",7,x[0]-Constant/(x[0]+x[0]/Constant-Constant)*((x[0]*x[0]**Constant)**Constant),x[0]-0.24437350579495432/(x[0]+x[0]/0.9970533476952497-0.8740366112344926)*((x[0]*x[0]**0.8821525083744344)**0.9087138760867254),[0.24437351 0.99705335 0.87403661 0.88215251 0.90871388],1.3762274127136318,"{'fitness 25': 1.2405743659273878, 'fitness 53': 1.3354502228279903, 'fitness 74': 1.38108464777129, 'fitness 102': 1.3762274127136318}",False
39,"[[0], [0], [0, 2], [1, 3, 0], [1, 2, 2, 2, 1], [0, 0, 3, 0, 2, 3], [0, 1, 1, 0, 1, 1, 1], [0, 0, 1]]",1.3988672535083466,"[1, 1, 2, 3, 4, 5, 6, 2]",7,((x[0]+Constant)+Constant)/x[0]+(Constant*Constant**Constant),((x[0]+0.24437350579495432)+0.9970533476952497)/x[0]+(0.8740366112344926*0.8821525083744344**0.9087138760867254),[0.24437351 0.99705335 0.87403661 0.88215251 0.90871388],1.3858289569098454,"{'fitness 25': 1.4636869596056499, 'fitness 53': 1.3940721490801675, 'fitness 74': 1.3388426518392227, 'fitness 102': 1.3858289569098454}",False
40,"[[0], [1], [1, 1], [2, 2, 3, 3], [1, 1, 1, 1, 2], [2, 3, 3, 1, 1, 3], [1, 1, 1, 0, 1, 1, 1, 0], [0, 0, 1]]",1.4120953388011133,"[1, 1, 2, 4, 2, 5, 6, 1]",7,((((Constant*Constant)**Constant)/((Constant/x[0])**Constant))-(Constant-Constant)),((((0.24437350579495432*0.9970533476952497)**0.8740366112344926)/((0.8821525083744344/x[0])**0.9087138760867254))-(0.3802427649163881-0.5931745881328567)),"[0.24437351 0.99705335 0.87403661 0.88215251 0.90871388 0.38024276
 0.59317459]",1.448784308675948,"{'fitness 25': 1.3495981769359555, 'fitness 53': 1.4394316531561249, 'fitness 74': 1.447256186311259, 'fitness 102': 1.448784308675948}",False
41,"[[0], [2], [2, 2], [1, 2, 3], [0, 1, 0, 1], [3, 2, 3, 0, 3, 0], [1, 1, 1, 0, 1, 1, 0], [0]]",1.5748898823722557,"[1, 1, 1, 1, 2, 3, 4, 1]",7,(((Constant/Constant*(Constant/x[0]))**Constant)**Constant),(((0.24437350579495432/0.9970533476952497*(0.8740366112344926/x[0]))**0.8821525083744344)**0.9087138760867254),[0.24437351 0.99705335 0.87403661 0.88215251 0.90871388],1.6050682492486972,"{'fitness 25': 1.5151100702157791, 'fitness 53': 1.5951268138826433, 'fitness 74': 1.6144327630183442, 'fitness 102': 1.6050682492486972}",False
42,"[[0], [0], [3, 3], [1, 2, 2, 3], [0, 1, 0, 1], [3, 0, 3, 2, 0, 0, 3, 1, 2, 1, 0], [1, 0, 1, 1, 1, 1, 1], [0, 1, 1]]",1.6133313391805402,"[1, 1, 2, 0, 0, 1, 2, 1]",5,Constant/x[0],0.24437350579495432/x[0],[0.24437351],1.642966381846421,"{'fitness 25': 1.55382586207471, 'fitness 53': 1.6329454598790616, 'fitness 74': 1.6532226955878488, 'fitness 102': 1.642966381846421}",False
43,"[[0], [2], [0, 2], [3, 3, 3], [2, 1, 1, 0, 1, 0], [3, 3, 0, 3, 3, 0, 0], [1, 0, 0, 0, 1, 1, 0, 0, 0], [0, 0, 0, 1]]",1.6135708693110347,"[1, 1, 1, 2, 0, 1, 2, 1]",6,(Constant/x[0]**Constant),(0.24437350579495432/x[0]**0.9970533476952497),[0.24437351 0.99705335],1.643223453143186,"{'fitness 25': 1.5540601498714932, 'fitness 53': 1.6332023676469194, 'fitness 74': 1.653450090414691, 'fitness 102': 1.643223453143186}",False
44,"[[0], [2], [1], [2, 3], [0], [2, 3], [0, 1, 1], [0]]",1.6178015045698018,"[1, 1, 1, 2, 1, 2, 3, 1]",7,(((x[0]*Constant**Constant)/Constant)**Constant),(((x[0]*0.24437350579495432**0.9970533476952497)/0.8740366112344926)**0.8821525083744344),[0.24437351 0.99705335 0.87403661 0.88215251],1.6542715384240252,"{'fitness 25': 1.5563507523205387, 'fitness 53': 1.644230822054251, 'fitness 74': 1.6528229393346157, 'fitness 102': 1.6542715384240252}",False
45,"[[0], [0], [3, 1], [3, 3], [], [1, 1], [1, 0, 1], [0]]",1.6219091755358626,"[1, 1, 2, 2, 0, 2, 3, 1]",6,Constant-(x[0]-Constant),0.24437350579495432-(x[0]-0.9970533476952497),[0.24437351 0.99705335],1.646996015892178,"{'fitness 25': 1.5647611968328348, 'fitness 53': 1.6373389480106009, 'fitness 74': 1.6636273817641516, 'fitness 102': 1.646996015892178}",False
46,"[[0], [2], [2, 3], [0, 2, 2, 3], [0, 1, 2, 0, 1, 0], [1, 3, 0, 0, 1, 2, 2], [1, 1, 0, 1, 1, 0, 0, 1], [1, 1, 1, 1]]",1.6385582380804795,"[1, 1, 1, 1, 2, 3, 4, 1]",7,((Constant-Constant/(x[1]+Constant)**Constant)**Constant),((0.24437350579495432-0.9970533476952497/(x[1]+0.8740366112344926)**0.8821525083744344)**0.9087138760867254),[0.24437351 0.99705335 0.87403661 0.88215251 0.90871388],1.6725527881139155,"{'fitness 25': 1.5777438552598, 'fitness 53': 1.6624040408832559, 'fitness 74': 1.675526818098382, 'fitness 102': 1.6725527881139155}",False
47,"[[0], [0], [0, 1], [1, 2, 0, 0], [2, 0, 1, 2, 1, 0, 1], [2, 3, 3, 0, 2, 2, 0, 3, 2, 3, 3], [1, 0, 0, 0, 0, 1, 1, 1, 1, 1, 1, 1], [0, 0, 0, 0, 0]]",1.6520500466935732,"[1, 1, 2, 4, 7, 11, 12, 4]",7,(Constant*x[0]/x[0])/((x[0]+x[0])**Constant)*(Constant*(Constant+Constant)/Constant*Constant/(Constant/Constant)),(0.24437350579495432*x[0]/x[0])/((x[0]+x[0])**0.9970533476952497)*(0.8740366112344926*(0.8821525083744344+0.9087138760867254)/0.3802427649163881*0.5931745881328567/(0.4776189549427463/0.3396354082410107)),"[0.24437351 0.99705335 0.87403661 0.88215251 0.90871388 0.38024276
 0.59317459 0.47761895 0.33963541]",1.6822216013987106,"{'fitness 25': 1.592463018808547, 'fitness 53': 1.672135144774321, 'fitness 74': 1.6915519764978515, 'fitness 102': 1.6822216013987106}",False
48,"[[0], [2], [0], [2, 2], [2, 1, 0, 0, 1, 0], [2, 3, 3, 0], [1, 1, 0, 0, 1, 0, 0], [0, 0, 1]]",1.6562406725544516,"[1, 1, 1, 2, 2, 2, 3, 1]",7,((Constant**Constant)*((Constant/x[0])**Constant)**Constant),((0.24437350579495432**0.9970533476952497)*((0.8740366112344926/x[0])**0.8821525083744344)**0.9087138760867254),[0.24437351 0.99705335 0.87403661 0.88215251 0.90871388],1.6872631719131248,"{'fitness 25': 1.5964046680856814, 'fitness 53': 1.6771895424298149, 'fitness 74': 1.6951278071478582, 'fitness 102': 1.6872631719131248}",False
49,"[[0], [0], [0, 3], [2, 2], [2, 1, 1, 1], [0, 0, 3, 2, 0, 0, 3, 1, 2, 1, 0], [1, 1, 0, 0, 1, 1, 0, 1, 1, 0], [0, 1, 0]]",1.6688751446796781,"[1, 1, 2, 2, 2, 3, 4, 2]",7,(Constant**Constant)+((Constant+x[0])**Constant)/x[1],(0.24437350579495432**0.9970533476952497)+((0.8740366112344926+x[0])**0.8821525083744344)/x[1],[0.24437351 0.99705335 0.87403661 0.88215251],1.702622277785262,"{'fitness 25': 1.6083546339761576, 'fitness 53': 1.6926152298160204, 'fitness 74': 1.7056555702468563, 'fitness 102': 1.702622277785262}",False
50,"[[0], [0], [0, 3], [3, 2, 3, 2], [0, 0, 0, 0, 1, 0], [0, 3, 3, 2, 0, 0, 3, 1, 2, 1, 0], [1, 1, 0, 0, 1, 0, 0], [1, 1, 1, 1]]",1.6705315029621894,"[1, 1, 2, 2, 1, 3, 4, 2]",7,Constant+(Constant/x[1]**Constant)/x[1],0.24437350579495432+(0.9970533476952497/x[1]**0.8740366112344926)/x[1],[0.24437351 0.99705335 0.87403661],1.7043653126001077,"{'fitness 25': 1.6099448816941362, 'fitness 53': 1.6942736468929134, 'fitness 74': 1.707375980299519, 'fitness 102': 1.7043653126001077}",False
51,"[[0], [0], [1, 2], [0, 2, 2, 3], [0, 1, 2, 1], [2, 3, 0, 0, 3, 0], [0, 1, 1, 1, 1, 0, 0], [0, 1, 1, 0]]",1.7682346536002271,"[1, 1, 2, 3, 4, 6, 7, 3]",7,(x[0]*Constant/(Constant+Constant)+(Constant**Constant))/(((x[1]+x[1])**Constant)**Constant),(x[0]*0.24437350579495432/(0.9970533476952497+0.8740366112344926)+(0.8821525083744344**0.9087138760867254))/(((x[1]+x[1])**0.3802427649163881)**0.5931745881328567),"[0.24437351 0.99705335 0.87403661 0.88215251 0.90871388 0.38024276
 0.59317459]",1.7980441613266178,"{'fitness 25': 1.7112711980729154, 'fitness 53': 1.7912773723253823, 'fitness 74': 1.802155390402384, 'fitness 102': 1.7980441613266178}",False
52,"[[0], [2], [0, 1], [1, 2], [2, 1, 2, 0], [3, 2, 2, 1, 3, 1, 2], [1, 0, 0, 0, 1, 0, 0, 1, 1], [1, 0, 1, 0]]",1.802849874670007,"[1, 1, 1, 2, 3, 3, 4, 3]",7,((Constant/(x[1]*x[0]))*(x[1]**Constant)**Constant),((0.24437350579495432/(x[1]*x[0]))*(x[1]**0.9970533476952497)**0.8740366112344926),[0.24437351 0.99705335 0.87403661],1.8327581154199104,"{'fitness 25': 1.7449848397480576, 'fitness 53': 1.8243555932001616, 'fitness 74': 1.8392091910618023, 'fitness 102': 1.8327581154199104}",False
53,"[[0], [2], [0, 2], [1, 2, 3], [2, 0, 0, 0, 1, 0], [0, 3, 3, 0], [1, 1, 1, 0, 1, 0, 0], [1, 1, 1]]",1.8435566317112366,"[1, 1, 1, 2, 3, 4, 5, 1]",7,((Constant+Constant/Constant)/(x[1]+Constant**Constant)**Constant),((0.24437350579495432+0.9970533476952497/0.8740366112344926)/(x[1]+0.8821525083744344**0.9087138760867254)**0.3802427649163881),[0.24437351 0.99705335 0.87403661 0.88215251 0.90871388 0.38024276],1.8738015433218718,"{'fitness 25': 1.7863536562606148, 'fitness 53': 1.866388323746555, 'fitness 74': 1.8779279151265398, 'fitness 102': 1.8738015433218718}",False
54,"[[0], [2], [0], [2, 2, 3, 2], [0, 0, 1, 0, 1, 0], [3, 3, 3, 2, 0, 0, 3, 1, 2, 1, 0], [1, 1, 0, 1, 1, 0, 0], [1, 1, 1, 1]]",1.899949660333793,"[1, 1, 1, 2, 2, 3, 4, 1]",7,((Constant/Constant**Constant)/(x[1]/Constant**Constant)**Constant),((0.24437350579495432/0.9970533476952497**0.8740366112344926)/(x[1]/0.8821525083744344**0.9087138760867254)**0.3802427649163881),[0.24437351 0.99705335 0.87403661 0.88215251 0.90871388 0.38024276],1.9330301979875981,"{'fitness 25': 1.8405821519192704, 'fitness 53': 1.9230592308837056, 'fitness 74': 1.936207598198403, 'fitness 102': 1.9330301979875981}",False
55,"[[0], [2], [2], [1], [1, 0], [3, 3, 3], [1, 0, 1, 1], [1]]",1.9107951349593757,"[1, 1, 1, 1, 2, 3, 4, 1]",7,((((Constant/x[1])/Constant/Constant)**Constant)**Constant),((((0.24437350579495432/x[1])/0.9970533476952497/0.8740366112344926)**0.8821525083744344)**0.9087138760867254),[0.24437351 0.99705335 0.87403661 0.88215251 0.90871388],1.94437732999851,"{'fitness 25': 1.8510461525017943, 'fitness 53': 1.9339540487890545, 'fitness 74': 1.9473852035872783, 'fitness 102': 1.94437732999851}",False
56,"[[0], [1], [2, 2], [0, 0], [2, 1, 1, 1], [0, 3, 3, 2, 0, 3], [0, 1, 0, 1, 0, 0, 0], [0, 0, 1, 1, 0]]",1.911096034197973,"[1, 1, 2, 2, 4, 6, 7, 5]",7,((x[0]+(Constant/x[0])**Constant)/((Constant*x[1])+(x[1]/x[0])**Constant)),((x[0]+(0.24437350579495432/x[0])**0.9970533476952497)/((0.8740366112344926*x[1])+(x[1]/x[0])**0.8821525083744344)),[0.24437351 0.99705335 0.87403661 0.88215251],1.9447142940183386,"{'fitness 25': 1.851318990989937, 'fitness 53': 1.9342611729695367, 'fitness 74': 1.9477079386344447, 'fitness 102': 1.9447142940183386}",False
57,"[[0], [1], [2, 1], [0, 2, 1], [1, 2, 2, 2, 1], [0, 3, 3, 0, 2, 3], [0, 1, 0, 1, 0, 1, 0], [0, 1, 1, 0]]",1.911458829438254,"[1, 1, 2, 3, 5, 6, 7, 4]",7,(((x[0]+Constant)/x[1]**Constant)/((Constant**Constant)+(x[1]*(Constant/x[0])))),(((x[0]+0.24437350579495432)/x[1]**0.9970533476952497)/((0.8740366112344926**0.8821525083744344)+(x[1]*(0.9087138760867254/x[0])))),[0.24437351 0.99705335 0.87403661 0.88215251 0.90871388],1.9451179107638776,"{'fitness 25': 1.8516491652552296, 'fitness 53': 1.9346254144489492, 'fitness 74': 1.948101908610584, 'fitness 102': 1.9451179107638776}",False
58,"[[0], [2], [2], [2], [1], [1], [0, 0], [1, 1]]",1.9114590768743485,"[1, 1, 1, 1, 1, 1, 2, 2]",7,((((x[1]-x[1])**Constant)**Constant)**Constant),((((x[1]-x[1])**0.24437350579495432)**0.9970533476952497)**0.8740366112344926),[0.24437351 0.99705335 0.87403661],1.9451182201375357,"{'fitness 25': 1.8516493651202375, 'fitness 53': 1.9346256557865575, 'fitness 74': 1.94810220971625, 'fitness 102': 1.9451182201375357}",False
59,"[[0], [1], [0, 1], [3, 1, 0, 2], [2, 2, 2, 0, 0], [3, 0, 3, 2, 1, 1, 3], [1, 1, 0, 1, 1, 1, 0, 1], [1, 1]]",1.911459105515645,"[1, 1, 2, 4, 5, 7, 8, 2]",7,(Constant/(Constant+x[1])/(Constant*Constant-Constant-(x[1]/Constant**Constant))),(0.24437350579495432/(0.9970533476952497+x[1])/(0.8740366112344926*0.8821525083744344-0.9087138760867254-(x[1]/0.3802427649163881**0.5931745881328567))),"[0.24437351 0.99705335 0.87403661 0.88215251 0.90871388 0.38024276
 0.59317459]",1.9451182597350363,"{'fitness 25': 1.851649385426723, 'fitness 53': 1.9346256844520868, 'fitness 74': 1.9481022466681246, 'fitness 102': 1.9451182597350363}",False
60,"[[0], [0], [2, 3], [0], [2, 0], [1, 1, 2], [0, 1, 1, 0], [0, 0]]",2.109025403270547,"[1, 1, 2, 1, 2, 3, 4, 2]",7,(x[0]-Constant-Constant**Constant)*x[0],(x[0]-0.24437350579495432-0.9970533476952497**0.8740366112344926)*x[0],[0.24437351 0.99705335 0.87403661],2.145886539430545,"{'fitness 25': 2.049335276984378, 'fitness 53': 2.1346202222067716, 'fitness 74': 2.143120710620491, 'fitness 102': 2.145886539430545}",False
61,"[[0], [0], [0, 2], [0, 2, 2, 3], [0, 1, 2, 1], [0, 1, 2, 1, 2, 2], [1, 1, 1, 0, 1, 0, 0], [0, 0, 0, 1, 1]]",2.3686687571004,"[1, 1, 2, 3, 4, 6, 7, 3]",7,Constant+Constant-(Constant*x[0])-(Constant**Constant)*(((x[0]*x[0])**Constant)**Constant),0.24437350579495432+0.9970533476952497-(0.8740366112344926*x[0])-(0.8821525083744344**0.9087138760867254)*(((x[0]*x[0])**0.3802427649163881)**0.5931745881328567),"[0.24437351 0.99705335 0.87403661 0.88215251 0.90871388 0.38024276
 0.59317459]",2.3907487562786773,"{'fitness 25': 2.3122551529743625, 'fitness 53': 2.3818166167517103, 'fitness 74': 2.411934501575128, 'fitness 102': 2.3907487562786773}",False
62,"[[0], [0], [0, 2], [1, 3, 0], [2, 0, 1, 1, 1], [2, 3, 3, 0, 3, 1, 3], [1, 1, 0, 0, 1, 0, 1, 1], [0, 0, 1, 1]]",2.491504525395577,"[1, 1, 2, 3, 4, 7, 8, 3]",7,(Constant*Constant/x[0])/x[0]+((Constant/x[1])-(Constant/Constant)**Constant),(0.24437350579495432*0.9970533476952497/x[0])/x[0]+((0.8740366112344926/x[1])-(0.8821525083744344/0.9087138760867254)**0.3802427649163881),[0.24437351 0.99705335 0.87403661 0.88215251 0.90871388 0.38024276],2.5131267970112208,"{'fitness 25': 2.4353066222739588, 'fitness 53': 2.50301646333863, 'fitness 74': 2.536190490574143, 'fitness 102': 2.5131267970112208}",False
63,"[[0], [0], [0, 2], [1, 1, 3], [0, 1, 2, 1], [3, 3, 3, 0, 3, 0, 1], [1, 1, 1, 0, 1, 0, 0, 1], [0, 1, 1]]",2.607560962555674,"[1, 1, 2, 3, 4, 7, 8, 3]",7,(Constant/Constant/(Constant/x[0]))+(Constant/(x[1]+x[1]))-(Constant**Constant),(0.24437350579495432/0.9970533476952497/(0.8740366112344926/x[0]))+(0.8821525083744344/(x[1]+x[1]))-(0.9087138760867254**0.3802427649163881),[0.24437351 0.99705335 0.87403661 0.88215251 0.90871388 0.38024276],2.643268785203437,"{'fitness 25': 2.5491114523273595, 'fitness 53': 2.63155619965154, 'fitness 74': 2.6420152356881244, 'fitness 102': 2.643268785203437}",False
64,"[[0], [2], [0], [1, 2], [2, 0, 1, 0, 1, 0], [1, 3, 3, 0], [1, 1, 0, 0, 1, 0, 0], [0, 0, 1]]",2.608258705037175,"[1, 1, 1, 2, 3, 4, 5, 2]",7,((Constant-Constant/x[0])/((x[0]+Constant)**Constant)**Constant),((0.24437350579495432-0.9970533476952497/x[0])/((x[0]+0.8740366112344926)**0.8821525083744344)**0.9087138760867254),[0.24437351 0.99705335 0.87403661 0.88215251 0.90871388],2.6577079088662745,"{'fitness 25': 2.548865633630943, 'fitness 53': 2.647280968950862, 'fitness 74': 2.6286295125297205, 'fitness 102': 2.6577079088662745}",False
65,"[[0], [2], [0], [3, 2], [1], [1, 3], [1, 0, 1], [0]]",2.6161427727924202,"[1, 1, 1, 2, 1, 2, 3, 1]",7,(Constant-((x[0]/Constant)**Constant)**Constant),(0.24437350579495432-((x[0]/0.9970533476952497)**0.8740366112344926)**0.8821525083744344),[0.24437351 0.99705335 0.87403661 0.88215251],2.6424663466186074,"{'fitness 25': 2.558704904441731, 'fitness 53': 2.632723979228167, 'fitness 74': 2.656999434707362, 'fitness 102': 2.6424663466186074}",False
66,"[[0], [2], [0, 2], [3, 2, 3, 2], [1, 1, 2, 0, 1, 0], [1, 3, 0, 0, 1, 2, 2], [1, 1, 1, 1, 0, 1, 0], [1, 1, 1, 1]]",2.7710532825570975,"[1, 1, 1, 2, 1, 2, 3, 0]",6,(Constant-((Constant/Constant)**Constant)**Constant),(0.24437350579495432-((0.9970533476952497/0.8740366112344926)**0.8821525083744344)**0.9087138760867254),[0.24437351 0.99705335 0.87403661 0.88215251 0.90871388],2.804287841843535,"{'fitness 25': 2.712998730209803, 'fitness 53': 2.7929521262218424, 'fitness 74': 2.8072089912396456, 'fitness 102': 2.804287841843535}",False
67,"[[0], [1], [0, 2], [1, 2, 3], [1, 0, 0, 0, 1, 0], [0, 3, 2, 0, 3, 1, 0, 3, 3], [1, 0, 0, 0, 1, 0, 0, 1, 1, 1], [0, 1, 0, 1, 0]]",2.856979167454515,"[1, 1, 2, 3, 3, 6, 7, 5]",7,(((Constant+x[0])/x[1]*x[0])+(Constant/x[1]**Constant)-(x[0]**Constant)),(((0.24437350579495432+x[0])/x[1]*x[0])+(0.9970533476952497/x[1]**0.8740366112344926)-(x[0]**0.8821525083744344)),[0.24437351 0.99705335 0.87403661 0.88215251],2.88234809674561,"{'fitness 25': 2.7998439534620547, 'fitness 53': 2.8729506734479306, 'fitness 74': 2.898142875453561, 'fitness 102': 2.88234809674561}",False
68,"[[0], [1], [3, 2], [1], [1, 1], [1, 3, 0, 1], [1, 1, 0, 0, 1], [0, 0]]",2.909025302963711,"[1, 1, 2, 1, 2, 4, 5, 2]",7,(Constant-(((Constant/x[0])+(x[0]-Constant))**Constant)),(0.24437350579495432-(((0.9970533476952497/x[0])+(x[0]-0.8740366112344926))**0.8821525083744344)),[0.24437351 0.99705335 0.87403661 0.88215251],2.9491535742414663,"{'fitness 25': 2.8504721125415466, 'fitness 53': 2.9385727566072686, 'fitness 74': 2.9380310397423184, 'fitness 102': 2.9491535742414663}",False
69,"[[0], [2], [0, 2], [1, 2, 3], [1, 1, 2, 1], [3, 1, 3, 0, 3, 0], [0, 1, 1, 0, 1, 1, 0], [0, 1, 0, 1]]",3.3390762629603277,"[1, 1, 1, 2, 3, 4, 5, 2]",7,(((x[0]/Constant)-(Constant/x[1]))+(Constant**Constant)**Constant),(((x[0]/0.24437350579495432)-(0.9970533476952497/x[1]))+(0.8740366112344926**0.8821525083744344)**0.9087138760867254),[0.24437351 0.99705335 0.87403661 0.88215251 0.90871388],3.293464880003697,"{'fitness 25': 3.3576290485431217, 'fitness 53': 3.3272318290655267, 'fitness 74': 3.332367911272334, 'fitness 102': 3.293464880003697}",False
70,"[[0], [0], [0, 2], [1, 2, 2], [2, 1, 2, 1], [2, 0, 3, 2, 0, 0, 3, 1, 2, 1, 0], [1, 1, 1, 0, 0, 0, 0], [0, 0, 1]]",7.06961534598387,"[1, 1, 2, 3, 4, 5, 6, 3]",7,(Constant*(Constant+Constant))/(x[0]**Constant)*(((x[0]+x[1])**Constant)**Constant),(0.24437350579495432*(0.9970533476952497+0.8740366112344926))/(x[0]**0.8821525083744344)*(((x[0]+x[1])**0.9087138760867254)**0.3802427649163881),[0.24437351 0.99705335 0.87403661 0.88215251 0.90871388 0.38024276],6.6429251266061,"{'fitness 25': 7.587136449715644, 'fitness 53': 7.042935278110033, 'fitness 74': 6.578774310125932, 'fitness 102': 6.6429251266061}",False
71,"[[0], [1], [1, 2], [0, 2, 2, 3], [0, 1, 2, 1], [3, 0, 3, 2, 0, 0, 3, 1, 2, 1, 0], [1, 1, 0, 1, 1, 1, 0], [0, 1, 1, 1]]",9.25965151151865,"[1, 1, 2, 3, 4, 6, 7, 2]",7,((Constant/Constant+(x[0]/Constant)*(Constant**Constant))+(((Constant+x[1])**Constant)**Constant)),((0.24437350579495432/0.9970533476952497+(x[0]/0.8740366112344926)*(0.8821525083744344**0.9087138760867254))+(((0.3802427649163881+x[1])**0.5931745881328567)**0.4776189549427463)),"[0.24437351 0.99705335 0.87403661 0.88215251 0.90871388 0.38024276
 0.59317459 0.47761895]",8.952303136097543,"{'fitness 25': 9.496357143548371, 'fitness 53': 9.202573542539971, 'fitness 74': 9.08002384846761, 'fitness 102': 8.952303136097543}",False
72,"[[0], [0], [0, 2], [0, 2, 3, 3], [1, 1, 2, 0, 1, 0], [1, 3, 3, 0, 1, 2, 2], [1, 1, 0, 1, 1, 0, 0, 1], [0, 1, 1]]",23.505977548437006,"[1, 1, 2, 3, 3, 5, 6, 2]",7,(Constant-Constant)/(x[0]/Constant)+(Constant**Constant)-(x[1]**Constant),(0.24437350579495432-0.9970533476952497)/(x[0]/0.8740366112344926)+(0.8821525083744344**0.9087138760867254)-(x[1]**0.3802427649163881),[0.24437351 0.99705335 0.87403661 0.88215251 0.90871388 0.38024276],22.70888052820548,"{'fitness 25': 24.06642077682387, 'fitness 53': 23.410746805087772, 'fitness 74': 23.040765063399377, 'fitness 102': 22.70888052820548}",False
73,"[[0], [2], [0, 3], [1, 3, 3], [2, 1, 1, 0, 1, 0], [3, 3, 2, 0], [1, 1, 0, 0, 1, 0, 0], [0, 1]]",353.6641424706029,"[1, 1, 1, 2, 2, 3, 4, 2]",7,((Constant/(Constant/x[0]))*x[1]**Constant),((0.24437350579495432/(0.9970533476952497/x[0]))*x[1]**0.8740366112344926),[0.24437351 0.99705335 0.87403661],333.99203861268666,"{'fitness 25': 361.70650707448004, 'fitness 53': 350.46246674081675, 'fitness 74': 348.8234535965119, 'fitness 102': 333.99203861268666}",False
74,"[[0], [2], [0], [3, 1], [0, 2], [2, 1, 3], [1, 0, 1, 1], [1]]",357.5299819846234,"[1, 1, 1, 2, 2, 3, 4, 1]",7,(Constant*(x[1]-Constant/Constant)**Constant),(0.24437350579495432*(x[1]-0.9970533476952497/0.8740366112344926)**0.8821525083744344),[0.24437351 0.99705335 0.87403661 0.88215251],329.9742478946463,"{'fitness 25': 376.3076708940111, 'fitness 53': 353.5873214530681, 'fitness 74': 342.6949536067911, 'fitness 102': 329.9742478946463}",False
75,"[[0], [1], [1, 2], [1, 2, 2], [2, 1, 1, 0, 1, 0], [2, 3, 3, 0, 0, 2], [1, 1, 0, 0, 1, 0, 0], [0, 0, 1, 1, 1]]",387.77657048544097,"[1, 1, 2, 3, 4, 6, 7, 4]",7,(((Constant*(Constant/x[0]))/((x[0]+Constant)**Constant))+((x[1]*x[1]**Constant)**Constant)),(((0.24437350579495432*(0.9970533476952497/x[0]))/((x[0]+0.8740366112344926)**0.8821525083744344))+((x[1]*x[1]**0.9087138760867254)**0.3802427649163881)),[0.24437351 0.99705335 0.87403661 0.88215251 0.90871388 0.38024276],362.3857226960251,"{'fitness 25': 405.2952046537671, 'fitness 53': 384.1471338750772, 'fitness 74': 373.88737292747857, 'fitness 102': 362.3857226960251}",False
76,"[[0], [0], [1, 2], [2, 2, 0], [1, 1, 2, 1], [3, 2, 3, 1, 0, 0], [1, 0, 0, 1, 1, 0, 0], [0, 1, 1, 1]]",453.9819234393035,"[1, 1, 2, 3, 4, 6, 7, 4]",7,(((Constant/x[0])**Constant)*((x[1]/Constant)**Constant))-(Constant+(x[1]+x[1])**Constant),(((0.24437350579495432/x[0])**0.9970533476952497)*((x[1]/0.8740366112344926)**0.8821525083744344))-(0.9087138760867254+(x[1]+x[1])**0.3802427649163881),[0.24437351 0.99705335 0.87403661 0.88215251 0.90871388 0.38024276],398.74544342343324,"{'fitness 25': 511.6939824905948, 'fitness 53': 445.1496354692981, 'fitness 74': 405.1021523580174, 'fitness 102': 398.74544342343324}",False
77,"[[0], [2], [0], [2, 2], [2, 1], [0, 2], [0, 0, 1], [0, 1]]",568.9612425626251,"[1, 1, 1, 2, 2, 2, 3, 2]",7,((x[0]**Constant)+((x[1]*Constant)**Constant)**Constant),((x[0]**0.24437350579495432)+((x[1]*0.9970533476952497)**0.8740366112344926)**0.8821525083744344),[0.24437351 0.99705335 0.87403661 0.88215251],529.8892952310171,"{'fitness 25': 595.7932312167668, 'fitness 53': 563.378346758859, 'fitness 74': 547.7121497122494, 'fitness 102': 529.8892952310171}",False
78,"[[0], [2], [0, 0], [1, 2], [0, 1, 1], [0, 2, 1, 0, 0], [1, 1, 1, 0, 0, 0, 1, 0], [0, 0, 1, 1]]",738.8913357407737,"[1, 1, 1, 2, 3, 5, 6, 3]",7,((Constant+Constant*(Constant-x[0]))+((x[0]+x[1])**Constant)**Constant),((0.24437350579495432+0.9970533476952497*(0.8740366112344926-x[0]))+((x[0]+x[1])**0.8821525083744344)**0.9087138760867254),[0.24437351 0.99705335 0.87403661 0.88215251 0.90871388],686.451142360327,"{'fitness 25': 774.823164893304, 'fitness 53': 731.4035601542652, 'fitness 74': 710.4472821747519, 'fitness 102': 686.451142360327}",False
79,"[[0], [1], [0, 1], [3, 2, 3, 1], [0, 0, 2], [1, 1, 3, 0, 3, 2], [1, 1, 0, 0, 1, 1, 0], [1, 0, 0]]",824.8165589105944,"[1, 1, 2, 4, 3, 6, 7, 3]",7,(Constant-(Constant-x[1]**Constant)/(x[0]+(Constant/Constant*x[0]))),(0.24437350579495432-(0.9970533476952497-x[1]**0.8740366112344926)/(x[0]+(0.8821525083744344/0.9087138760867254*x[0]))),[0.24437351 0.99705335 0.87403661 0.88215251 0.90871388],729.7072705121992,"{'fitness 25': 923.4273649460314, 'fitness 53': 809.8620475659791, 'fitness 74': 741.1602642197729, 'fitness 102': 729.7072705121992}",False
80,"[[0], [2], [0], [3, 0, 2], [1, 1, 1], [0, 1, 2, 2, 2, 2], [0, 0, 1, 0, 1, 0, 0], [0, 0, 1]]",1126.0473564657987,"[1, 1, 1, 2, 2, 4, 5, 3]",7,(x[0]+(x[0]-Constant)*(x[1]*Constant)**Constant),(x[0]+(x[0]-0.24437350579495432)*(x[1]*0.9970533476952497)**0.8740366112344926),[0.24437351 0.99705335 0.87403661],1068.328266805721,"{'fitness 25': 1145.6151346533213, 'fitness 53': 1116.1306542305322, 'fitness 74': 1116.3962805135423, 'fitness 102': 1068.328266805721}",False
81,"[[0], [1], [1, 3], [1, 2], [2, 1, 2, 1], [0, 1, 2, 1, 2, 2], [0, 1, 0, 0, 0, 1, 1], [1, 0, 0, 1, 1]]",1130.4530610816682,"[1, 1, 2, 2, 3, 4, 5, 4]",7,(((x[1]+(Constant-x[0]))*(x[0]**Constant))-x[1]),(((x[1]+(0.24437350579495432-x[0]))*(x[0]**0.9970533476952497))-x[1]),[0.24437351 0.99705335],997.0330632656047,"{'fitness 25': 1276.3687286307745, 'fitness 53': 1103.5169802135176, 'fitness 74': 1011.473474400713, 'fitness 102': 997.0330632656047}",False
82,"[[0], [0], [2, 3], [2], [2], [2], [1, 0], [1]]",1180.5911634121057,"[1, 1, 2, 1, 1, 1, 2, 1]",6,((Constant**Constant)**Constant)*x[1],((0.24437350579495432**0.9970533476952497)**0.8740366112344926)*x[1],[0.24437351 0.99705335 0.87403661],1079.832667617553,"{'fitness 25': 1248.875772700874, 'fitness 53': 1166.163793714321, 'fitness 74': 1126.7339238211223, 'fitness 102': 1079.832667617553}",False
83,"[[0], [0], [0, 0], [1, 2, 0, 1], [2, 0, 0, 0, 1, 0, 0], [3, 3, 3, 3, 2, 0, 3, 0, 2, 1, 0, 2], [1, 1, 1, 0, 1, 0, 0, 1, 1, 1, 1, 1, 1], [0, 1, 0, 0, 1]]",1191.8542909879004,"[1, 1, 2, 4, 7, 12, 13, 3]",7,(Constant/Constant/Constant)/(x[0]/Constant**Constant)*x[1]+x[0]/(Constant+Constant)*(Constant-Constant+Constant*Constant),(0.24437350579495432/0.9970533476952497/0.8740366112344926)/(x[0]/0.8821525083744344**0.9087138760867254)*x[1]+x[0]/(0.3802427649163881+0.5931745881328567)*(0.4776189549427463-0.3396354082410107+0.6189930748527571*0.69398522088429),"[0.24437351 0.99705335 0.87403661 0.88215251 0.90871388 0.38024276
 0.59317459 0.47761895 0.33963541 0.61899307 0.69398522]",1037.9183467578232,"{'fitness 25': 1350.6194039726367, 'fitness 53': 1164.6613106623765, 'fitness 74': 1060.282158328688, 'fitness 102': 1037.9183467578232}",False
84,"[[0], [0], [0, 2], [1, 2, 3], [0, 0, 0, 0, 1, 0], [0, 0, 3, 3, 0, 1, 2, 2, 2, 0, 3], [0, 0, 1, 0, 1, 0, 0], [0, 1, 1, 1, 1]]",1469.025047810452,"[1, 1, 2, 3, 3, 6, 7, 5]",7,(x[0]+x[1]+Constant/x[1])/(Constant+x[1]**Constant)-(x[1]**Constant),(x[0]+x[1]+0.24437350579495432/x[1])/(0.9970533476952497+x[1]**0.8740366112344926)-(x[1]**0.8821525083744344),[0.24437351 0.99705335 0.87403661 0.88215251],1356.3115781568497,"{'fitness 25': 1545.7659024197185, 'fitness 53': 1452.9440524496868, 'fitness 74': 1408.365188561951, 'fitness 102': 1356.3115781568497}",False
85,"[[0], [0], [0, 2], [0, 2, 2], [1, 1, 1, 1], [3, 2, 1, 1, 0, 1, 2], [1, 0, 1, 0, 1, 0, 1, 1], [1, 0, 1]]",1472.442505337526,"[1, 1, 2, 3, 4, 7, 8, 3]",7,(Constant/x[1])*(Constant-x[0])-((Constant+x[1])**Constant)-(((Constant*Constant)**Constant)**Constant),(0.24437350579495432/x[1])*(0.9970533476952497-x[0])-((0.8740366112344926+x[1])**0.8821525083744344)-(((0.9087138760867254*0.3802427649163881)**0.5931745881328567)**0.4776189549427463),"[0.24437351 0.99705335 0.87403661 0.88215251 0.90871388 0.38024276
 0.59317459 0.47761895]",1359.678239775052,"{'fitness 25': 1549.2290370319179, 'fitness 53': 1456.3533437390693, 'fitness 74': 1411.7451352415903, 'fitness 102': 1359.678239775052}",False
86,"[[0], [0], [0, 1], [1, 2, 2, 3], [0, 1, 1, 0, 1, 0], [3, 3, 2, 0, 2, 2, 2, 1], [1, 1, 0, 0, 0, 0, 0, 0, 0], [1, 1, 0, 0, 0, 1, 0]]",2056.3107610030006,"[1, 1, 2, 4, 4, 8, 9, 7]",7,(Constant/Constant/(x[1]*x[1]))+((x[0]*x[0])**Constant)*((x[0]*x[1]**Constant)-x[0]),(0.24437350579495432/0.9970533476952497/(x[1]*x[1]))+((x[0]*x[0])**0.8740366112344926)*((x[0]*x[1]**0.8821525083744344)-x[0]),[0.24437351 0.99705335 0.87403661 0.88215251],1969.8122857181309,"{'fitness 25': 2080.9927814779444, 'fitness 53': 2039.0604270954045, 'fitness 74': 2048.8790744356543, 'fitness 102': 1969.8122857181309}",False
87,"[[0], [2], [1], [1, 3], [1, 0], [3, 0, 0, 0], [0, 1, 1, 0, 0], [0, 1, 1]]",2513.3673391919206,"[1, 1, 1, 2, 2, 4, 5, 3]",7,((((x[0]/Constant)+Constant+x[1])+x[1])**Constant),((((x[0]/0.24437350579495432)+0.9970533476952497+x[1])+x[1])**0.8740366112344926),[0.24437351 0.99705335 0.87403661],2322.0341937103326,"{'fitness 25': 2643.7343505313356, 'fitness 53': 2486.0440426842124, 'fitness 74': 2410.3236243602146, 'fitness 102': 2322.0341937103326}",False
88,"[[0], [0], [0, 2], [1, 2, 3], [0, 1, 2, 1], [0, 3, 0, 2, 3, 1, 2, 2, 2, 0, 3], [1, 1, 1, 1, 0, 1, 0], [1, 1, 1]]",2656.719124509441,"[1, 1, 2, 3, 3, 5, 6, 1]",7,(Constant+Constant/(Constant+Constant))*(x[1]**Constant)/(Constant**Constant),(0.24437350579495432+0.9970533476952497/(0.8740366112344926+0.8821525083744344))*(x[1]**0.9087138760867254)/(0.3802427649163881**0.5931745881328567),"[0.24437351 0.99705335 0.87403661 0.88215251 0.90871388 0.38024276
 0.59317459]",2447.67167583667,"{'fitness 25': 2798.893145662808, 'fitness 53': 2626.85520218344, 'fitness 74': 2544.4090256820755, 'fitness 102': 2447.67167583667}",False
89,"[[0], [0], [0, 3], [0, 0, 2, 3], [0, 0, 0, 0, 1, 0], [0, 3, 0, 2, 0, 1, 2, 2, 2, 0, 3], [1, 0, 0, 0, 1, 1, 0, 1, 0, 0, 1, 0, 1], [1, 0, 0, 1, 0]]",2863.0608189400195,"[1, 1, 2, 2, 4, 8, 9, 5]",7,Constant+x[1]/x[0]+x[0]*Constant+Constant-x[1]*Constant*x[0],0.24437350579495432+x[1]/x[0]+x[0]*0.9970533476952497+0.8740366112344926-x[1]*0.8821525083744344*x[0],[0.24437351 0.99705335 0.87403661 0.88215251],2390.6883992535622,"{'fitness 25': 3464.7653669066426, 'fitness 53': 2761.1497593681825, 'fitness 74': 2363.2673305452336, 'fitness 102': 2390.6883992535622}",False
90,"[[0], [0], [0, 2], [0, 1, 2, 2], [2, 1, 1, 1, 1], [0, 0, 1, 2, 0, 0, 2, 1, 2, 1, 0], [1, 1, 1, 0, 1, 0, 0, 1, 1], [0, 1, 0]]",3369.9245209444284,"[1, 1, 2, 3, 5, 8, 9, 3]",7,Constant+(Constant+Constant)-((x[0]*Constant)+(x[1]+x[0]))*(((Constant-Constant)**Constant)**Constant),0.24437350579495432+(0.9970533476952497+0.8740366112344926)-((x[0]*0.8821525083744344)+(x[1]+x[0]))*(((0.9087138760867254-0.3802427649163881)**0.5931745881328567)**0.4776189549427463),"[0.24437351 0.99705335 0.87403661 0.88215251 0.90871388 0.38024276
 0.59317459 0.47761895]",3082.793640077862,"{'fitness 25': 3564.453559573477, 'fitness 53': 3328.838962479851, 'fitness 74': 3216.4810407799564, 'fitness 102': 3082.793640077862}",False
91,"[[0], [1], [1, 1], [2, 1, 0, 2], [2, 1, 1, 0, 0, 0], [2, 3, 1, 2, 0, 2, 1, 3, 2, 2], [0, 0, 0, 0, 1, 0, 1, 1, 1, 1, 1], [1, 0, 0, 0, 1]]",3525.8109955065243,"[1, 1, 2, 4, 6, 10, 11, 5]",7,(((x[1]**Constant)*((x[0]/x[0])-(x[0]*Constant)))+(x[1]*Constant-Constant/Constant*(Constant*Constant**Constant))),(((x[1]**0.24437350579495432)*((x[0]/x[0])-(x[0]*0.9970533476952497)))+(x[1]*0.8740366112344926-0.8821525083744344/0.9087138760867254*(0.3802427649163881*0.5931745881328567**0.4776189549427463))),"[0.24437351 0.99705335 0.87403661 0.88215251 0.90871388 0.38024276
 0.59317459 0.47761895]",3225.015693414401,"{'fitness 25': 3729.7528857311067, 'fitness 53': 3482.771727136598, 'fitness 74': 3364.9083736518683, 'fitness 102': 3225.015693414401}",False
92,"[[0], [0], [1, 0], [0, 2, 2, 3], [0, 0, 2, 2], [0, 2, 1, 2, 1, 3], [1, 0, 1, 1, 0, 0, 0], [1, 0, 0, 1]]",4022.046814932624,"[1, 1, 2, 4, 4, 6, 7, 4]",7,(Constant+x[1]*Constant-Constant*(x[0]**Constant))-(x[0]**Constant)/x[1],(0.24437350579495432+x[1]*0.9970533476952497-0.8740366112344926*(x[0]**0.8821525083744344))-(x[0]**0.9087138760867254)/x[1],[0.24437351 0.99705335 0.87403661 0.88215251 0.90871388],3679.041259978813,"{'fitness 25': 4254.48808460122, 'fitness 53': 3972.9540506585454, 'fitness 74': 3838.6983095381056, 'fitness 102': 3679.041259978813}",False
93,"[[0], [1], [0, 1], [0, 0, 2, 3], [2, 0, 0, 0, 1, 0], [0, 3, 0, 0, 0, 1, 0, 2, 2, 0, 3], [1, 0, 0, 1, 0, 0, 0, 1, 1, 0], [0, 1, 0, 1, 0, 0]]",4036.2082555090487,"[1, 1, 2, 4, 5, 9, 10, 6]",7,(Constant+x[0]/x[1]+Constant+x[0]+x[1]-x[0]+(((Constant*Constant)**Constant)*x[0])),(0.24437350579495432+x[0]/x[1]+0.9970533476952497+x[0]+x[1]-x[0]+(((0.8740366112344926*0.8821525083744344)**0.9087138760867254)*x[0])),[0.24437351 0.99705335 0.87403661 0.88215251 0.90871388],3692.187143222795,"{'fitness 25': 4269.325491541621, 'fitness 53': 3986.9658668374877, 'fitness 74': 3852.3334081480375, 'fitness 102': 3692.187143222795}",False
94,"[[0], [0], [0, 3], [0, 2, 2, 3], [0, 1, 0, 0, 1, 0], [0, 3, 0, 2, 0, 1, 2, 2, 2, 0, 3], [1, 1, 0, 0, 0, 1, 0], [1, 1, 0, 1]]",4037.345920237744,"[1, 1, 2, 2, 3, 6, 7, 4]",7,Constant+Constant/(x[1]+x[1])*(x[0]+Constant**Constant)-x[1],0.24437350579495432+0.9970533476952497/(x[1]+x[1])*(x[0]+0.8740366112344926**0.8821525083744344)-x[1],[0.24437351 0.99705335 0.87403661 0.88215251],3693.32747043402,"{'fitness 25': 4270.444236931379, 'fitness 53': 3988.122633984506, 'fitness 74': 3853.470889797347, 'fitness 102': 3693.32747043402}",False
95,"[[0], [1], [1, 3], [3, 1], [0, 1], [3, 2, 3, 2, 0], [0, 1, 1, 1, 0, 0], [0, 0, 1]]",4037.799260544711,"[1, 1, 2, 2, 2, 5, 6, 3]",7,((x[0]/(Constant*Constant/(Constant*x[0])))+x[1]),((x[0]/(0.24437350579495432*0.9970533476952497/(0.8740366112344926*x[0])))+x[1]),[0.24437351 0.99705335 0.87403661],3693.831186122152,"{'fitness 25': 4270.817257060935, 'fitness 53': 3988.55139678193, 'fitness 74': 3854.029127791269, 'fitness 102': 3693.831186122152}",False
96,"[[0], [0], [0, 3], [3, 2, 3, 2], [0, 1, 2, 1], [0, 1, 3, 0, 0, 1, 2, 2, 2, 0, 3], [0, 1, 0, 1, 1, 1, 0, 1, 1, 0], [0, 1, 1, 1]]",4502.578760801626,"[1, 1, 2, 2, 1, 3, 4, 2]",7,x[0]+(Constant-x[1]**Constant)/Constant,x[0]+(0.24437350579495432-x[1]**0.9970533476952497)/0.8740366112344926,[0.24437351 0.99705335 0.87403661],4119.783035210027,"{'fitness 25': 4761.984460501675, 'fitness 53': 4447.813201040997, 'fitness 74': 4297.938620862207, 'fitness 102': 4119.783035210027}",False
97,"[[0], [0], [2, 2], [0, 3, 3, 3], [2, 1, 2, 0], [1, 0, 3, 3, 1], [0, 1, 1, 1, 0, 1, 0, 0], [1, 1, 0, 1]]",4520.421897513644,"[1, 1, 2, 2, 2, 3, 4, 1]",7,(x[1]-(Constant+Constant)**Constant)/(Constant**Constant),(x[1]-(0.24437350579495432+0.9970533476952497)**0.8740366112344926)/(0.8821525083744344**0.9087138760867254),[0.24437351 0.99705335 0.87403661 0.88215251 0.90871388],4134.897944541492,"{'fitness 25': 4781.660982321075, 'fitness 53': 4465.2430048486585, 'fitness 74': 4314.361705371198, 'fitness 102': 4134.897944541492}",False
98,"[[0], [1], [1, 3], [0, 0, 2, 3], [2, 2, 0, 0, 0, 0, 0], [2, 3, 3, 0, 0, 0, 0, 0], [0, 0, 0, 1, 1, 0, 0], [0, 0, 0, 1, 1]]",8074.834592498327,"[1, 1, 2, 2, 4, 6, 7, 5]",7,((x[0]*x[0]/x[0]/Constant+Constant+x[1])+x[1]),((x[0]*x[0]/x[0]/0.24437350579495432+0.9970533476952497+x[1])+x[1]),[0.24437351 0.99705335],7386.810877992137,"{'fitness 25': 8541.016491071417, 'fitness 53': 7976.354822546596, 'fitness 74': 7707.132463876968, 'fitness 102': 7386.810877992137}",False
99,"[[0], [0], [0, 2], [2, 2, 2, 2], [0, 1, 1], [1, 3, 3, 2, 0, 0, 3, 1, 2, 1, 0], [1, 0, 0, 0, 0, 1, 1, 1], [1, 1, 1, 1]]",78777.91483512153,"[1, 1, 2, 3, 3, 5, 6, 4]",7,(Constant-x[1]**Constant)/((x[1]/x[1])**Constant)*(((x[1]+Constant)**Constant)**Constant),(0.24437350579495432-x[1]**0.9970533476952497)/((x[1]/x[1])**0.8740366112344926)*(((x[1]+0.8821525083744344)**0.9087138760867254)**0.3802427649163881),[0.24437351 0.99705335 0.87403661 0.88215251 0.90871388 0.38024276],70111.61241676827,"{'fitness 25': 84669.98566647056, 'fitness 53': 77515.97992689835, 'fitness 74': 74147.77891199564, 'fitness 102': 70111.61241676827}",False
